season,date,time,home_team,away_team,score,venue,match_report_url,home_possession,away_possession,home_shots,away_shots,home_shots_on_target,away_shots_on_target,home_saves,away_saves,home_corners,away_corners,home_fouls,away_fouls,home_cards,away_cards,home_yellow_cards,away_yellow_cards,home_red_cards,away_red_cards,home_offsides,away_offsides,home_passes,away_passes,home_pass_accuracy,away_pass_accuracy,home_crosses,away_crosses,home_touches,away_touches,home_tackles,away_tackles,home_interceptions,away_interceptions,home_aerials_won,away_aerials_won,home_clearances,away_clearances,home_blocks,away_blocks,home_xg,away_xg,home_xa,away_xa,home_big_chances,away_big_chances,home_big_chances_missed,away_big_chances_missed,home_distance_covered,away_distance_covered,home_sprints,away_sprints,home_long_balls,away_long_balls,home_through_balls,away_through_balls,home_duels_won,away_duels_won,home_errors,away_errors
2024-2025,2024-08-16,20:00,Manchester Utd,Fulham,1–0,Old Trafford,https://fbref.com/en/matches/cc5b4244/Manchester-United-Fulham-August-16-2024-Premier-League,,,,,,,,,,,,,,,,,,,,,,,,,,,,,,,,,,,,,,,,,,,,,,,,,,,,,,,,,,
2024-2025,2024-08-17,12:30,Ipswich Town,Liverpool,0–2,Portman Road Stadium,https://fbref.com/en/matches/a1d0d529/Ipswich-Town-Liverpool-August-17-2024-Premier-League,,,,,,,,,,,,,,,,,,,,,,,,,,,,,,,,,,,,,,,,,,,,,,,,,,,,,,,,,,
2024-2025,2024-08-17,15:00,Newcastle Utd,Southampton,1–0,St James' Park,https://fbref.com/en/matches/34557647/Newcastle-United-Southampton-August-17-2024-Premier-League,,,,,,,,,,,,,,,,,,,,,,,,,,,,,,,,,,,,,,,,,,,,,,,,,,,,,,,,,,
2024-2025,2024-08-17,15:00,Everton,Brighton,0–3,Goodison Park,https://fbref.com/en/matches/71618ace/Everton-Brighton-and-Hove-Albion-August-17-2024-Premier-League,,,,,,,,,,,,,,,,,,,,,,,,,,,,,,,,,,,,,,,,,,,,,,,,,,,,,,,,,,
2024-2025,2024-08-17,15:00,Nott'ham Forest,Bournemouth,1–1,The City Ground,https://fbref.com/en/matches/4efc72e4/Nottingham-Forest-Bournemouth-August-17-2024-Premier-League,,,,,,,,,,,,,,,,,,,,,,,,,,,,,,,,,,,,,,,,,,,,,,,,,,,,,,,,,,
2024-2025,2024-08-17,15:00,Arsenal,Wolves,2–0,Emirates Stadium,https://fbref.com/en/matches/c0e3342a/Arsenal-Wolverhampton-Wanderers-August-17-2024-Premier-League,,,,,,,,,,,,,,,,,,,,,,,,,,,,,,,,,,,,,,,,,,,,,,,,,,,,,,,,,,
2024-2025,2024-08-17,17:30,West Ham,Aston Villa,1–2,London Stadium,https://fbref.com/en/matches/eac7c00b/West-Ham-United-Aston-Villa-August-17-2024-Premier-League,,,,,,,,,,,,,,,,,,,,,,,,,,,,,,,,,,,,,,,,,,,,,,,,,,,,,,,,,,
2024-2025,2024-08-18,14:00,Brentford,Crystal Palace,2–1,Gtech Community Stadium,https://fbref.com/en/matches/b63822b9/Brentford-Crystal-Palace-August-18-2024-Premier-League,,,,,,,,,,,,,,,,,,,,,,,,,,,,,,,,,,,,,,,,,,,,,,,,,,,,,,,,,,
2024-2025,2024-08-18,16:30,Chelsea,Manchester City,0–2,Stamford Bridge,https://fbref.com/en/matches/67a0c715/Chelsea-Manchester-City-August-18-2024-Premier-League,,,,,,,,,,,,,,,,,,,,,,,,,,,,,,,,,,,,,,,,,,,,,,,,,,,,,,,,,,
2024-2025,2024-08-19,20:00,Leicester City,Tottenham,1–1,King Power Stadium,https://fbref.com/en/matches/62eea1d6/Leicester-City-Tottenham-Hotspur-August-19-2024-Premier-League,,,,,,,,,,,,,,,,,,,,,,,,,,,,,,,,,,,,,,,,,,,,,,,,,,,,,,,,,,
2024-2025,2024-08-24,12:30,Brighton,Manchester Utd,2–1,The American Express Stadium,https://fbref.com/en/matches/fc8ab8b2/Brighton-and-Hove-Albion-Manchester-United-August-24-2024-Premier-League,,,,,,,,,,,,,,,,,,,,,,,,,,,,,,,,,,,,,,,,,,,,,,,,,,,,,,,,,,
2024-2025,2024-08-24,15:00,Manchester City,Ipswich Town,4–1,Etihad Stadium,https://fbref.com/en/matches/a24b7a43/Manchester-City-Ipswich-Town-August-24-2024-Premier-League,,,,,,,,,,,,,,,,,,,,,,,,,,,,,,,,,,,,,,,,,,,,,,,,,,,,,,,,,,
2024-2025,2024-08-24,15:00,Southampton,Nott'ham Forest,0–1,St Mary's Stadium,https://fbref.com/en/matches/a641f3a0/Southampton-Nottingham-Forest-August-24-2024-Premier-League,,,,,,,,,,,,,,,,,,,,,,,,,,,,,,,,,,,,,,,,,,,,,,,,,,,,,,,,,,
2024-2025,2024-08-24,15:00,Tottenham,Everton,4–0,Tottenham Hotspur Stadium,https://fbref.com/en/matches/1eef1717/Tottenham-Hotspur-Everton-August-24-2024-Premier-League,,,,,,,,,,,,,,,,,,,,,,,,,,,,,,,,,,,,,,,,,,,,,,,,,,,,,,,,,,
2024-2025,2024-08-24,15:00,Fulham,Leicester City,2–1,Craven Cottage,https://fbref.com/en/matches/4d0079fb/Fulham-Leicester-City-August-24-2024-Premier-League,,,,,,,,,,,,,,,,,,,,,,,,,,,,,,,,,,,,,,,,,,,,,,,,,,,,,,,,,,
2024-2025,2024-08-24,15:00,Crystal Palace,West Ham,0–2,Selhurst Park,https://fbref.com/en/matches/540cfb68/Crystal-Palace-West-Ham-United-August-24-2024-Premier-League,,,,,,,,,,,,,,,,,,,,,,,,,,,,,,,,,,,,,,,,,,,,,,,,,,,,,,,,,,
2024-2025,2024-08-24,17:30,Aston Villa,Arsenal,0–2,Villa Park,https://fbref.com/en/matches/4692171a/Aston-Villa-Arsenal-August-24-2024-Premier-League,,,,,,,,,,,,,,,,,,,,,,,,,,,,,,,,,,,,,,,,,,,,,,,,,,,,,,,,,,
2024-2025,2024-08-25,14:00,Wolves,Chelsea,2–6,Molineux Stadium,https://fbref.com/en/matches/e76c15c9/Wolverhampton-Wanderers-Chelsea-August-25-2024-Premier-League,,,,,,,,,,,,,,,,,,,,,,,,,,,,,,,,,,,,,,,,,,,,,,,,,,,,,,,,,,
2024-2025,2024-08-25,14:00,Bournemouth,Newcastle Utd,1–1,Vitality Stadium,https://fbref.com/en/matches/1934f267/Bournemouth-Newcastle-United-August-25-2024-Premier-League,,,,,,,,,,,,,,,,,,,,,,,,,,,,,,,,,,,,,,,,,,,,,,,,,,,,,,,,,,
2024-2025,2024-08-25,16:30,Liverpool,Brentford,2–0,Anfield,https://fbref.com/en/matches/09b1742e/Liverpool-Brentford-August-25-2024-Premier-League,,,,,,,,,,,,,,,,,,,,,,,,,,,,,,,,,,,,,,,,,,,,,,,,,,,,,,,,,,
2024-2025,2024-08-31,12:30,Arsenal,Brighton,1–1,Emirates Stadium,https://fbref.com/en/matches/a843d023/Arsenal-Brighton-and-Hove-Albion-August-31-2024-Premier-League,,,,,,,,,,,,,,,,,,,,,,,,,,,,,,,,,,,,,,,,,,,,,,,,,,,,,,,,,,
2024-2025,2024-08-31,15:00,Ipswich Town,Fulham,1–1,Portman Road Stadium,https://fbref.com/en/matches/cec85838/Ipswich-Town-Fulham-August-31-2024-Premier-League,,,,,,,,,,,,,,,,,,,,,,,,,,,,,,,,,,,,,,,,,,,,,,,,,,,,,,,,,,
2024-2025,2024-08-31,15:00,Nott'ham Forest,Wolves,1–1,The City Ground,https://fbref.com/en/matches/837f0304/Nottingham-Forest-Wolverhampton-Wanderers-August-31-2024-Premier-League,,,,,,,,,,,,,,,,,,,,,,,,,,,,,,,,,,,,,,,,,,,,,,,,,,,,,,,,,,
2024-2025,2024-08-31,15:00,Brentford,Southampton,3–1,Gtech Community Stadium,https://fbref.com/en/matches/fec3438b/Brentford-Southampton-August-31-2024-Premier-League,,,,,,,,,,,,,,,,,,,,,,,,,,,,,,,,,,,,,,,,,,,,,,,,,,,,,,,,,,
2024-2025,2024-08-31,15:00,Leicester City,Aston Villa,1–2,King Power Stadium,https://fbref.com/en/matches/5af68b76/Leicester-City-Aston-Villa-August-31-2024-Premier-League,,,,,,,,,,,,,,,,,,,,,,,,,,,,,,,,,,,,,,,,,,,,,,,,,,,,,,,,,,
2024-2025,2024-08-31,15:00,Everton,Bournemouth,2–3,Goodison Park,https://fbref.com/en/matches/58bbe046/Everton-Bournemouth-August-31-2024-Premier-League,,,,,,,,,,,,,,,,,,,,,,,,,,,,,,,,,,,,,,,,,,,,,,,,,,,,,,,,,,
2024-2025,2024-08-31,17:30,West Ham,Manchester City,1–3,London Stadium,https://fbref.com/en/matches/97ce60d4/West-Ham-United-Manchester-City-August-31-2024-Premier-League,,,,,,,,,,,,,,,,,,,,,,,,,,,,,,,,,,,,,,,,,,,,,,,,,,,,,,,,,,
2024-2025,2024-09-01,13:30,Newcastle Utd,Tottenham,2–1,St James' Park,https://fbref.com/en/matches/0c994746/Newcastle-United-Tottenham-Hotspur-September-1-2024-Premier-League,,,,,,,,,,,,,,,,,,,,,,,,,,,,,,,,,,,,,,,,,,,,,,,,,,,,,,,,,,
2024-2025,2024-09-01,13:30,Chelsea,Crystal Palace,1–1,Stamford Bridge,https://fbref.com/en/matches/3387c2c8/Chelsea-Crystal-Palace-September-1-2024-Premier-League,,,,,,,,,,,,,,,,,,,,,,,,,,,,,,,,,,,,,,,,,,,,,,,,,,,,,,,,,,
2024-2025,2024-09-01,16:00,Manchester Utd,Liverpool,0–3,Old Trafford,https://fbref.com/en/matches/a7ab7a12/North-West-Derby-Manchester-United-Liverpool-September-1-2024-Premier-League,,,,,,,,,,,,,,,,,,,,,,,,,,,,,,,,,,,,,,,,,,,,,,,,,,,,,,,,,,
2024-2025,2024-09-14,12:30,Southampton,Manchester Utd,0–3,St Mary's Stadium,https://fbref.com/en/matches/b96c3759/Southampton-Manchester-United-September-14-2024-Premier-League,,,,,,,,,,,,,,,,,,,,,,,,,,,,,,,,,,,,,,,,,,,,,,,,,,,,,,,,,,
2024-2025,2024-09-14,15:00,Manchester City,Brentford,2–1,Etihad Stadium,https://fbref.com/en/matches/54405f8a/Manchester-City-Brentford-September-14-2024-Premier-League,,,,,,,,,,,,,,,,,,,,,,,,,,,,,,,,,,,,,,,,,,,,,,,,,,,,,,,,,,
2024-2025,2024-09-14,15:00,Liverpool,Nott'ham Forest,0–1,Anfield,https://fbref.com/en/matches/674bfe9e/Liverpool-Nottingham-Forest-September-14-2024-Premier-League,,,,,,,,,,,,,,,,,,,,,,,,,,,,,,,,,,,,,,,,,,,,,,,,,,,,,,,,,,
2024-2025,2024-09-14,15:00,Crystal Palace,Leicester City,2–2,Selhurst Park,https://fbref.com/en/matches/430cce12/Crystal-Palace-Leicester-City-September-14-2024-Premier-League,,,,,,,,,,,,,,,,,,,,,,,,,,,,,,,,,,,,,,,,,,,,,,,,,,,,,,,,,,
2024-2025,2024-09-14,15:00,Fulham,West Ham,1–1,Craven Cottage,https://fbref.com/en/matches/fa2b1777/Fulham-West-Ham-United-September-14-2024-Premier-League,,,,,,,,,,,,,,,,,,,,,,,,,,,,,,,,,,,,,,,,,,,,,,,,,,,,,,,,,,
2024-2025,2024-09-14,15:00,Brighton,Ipswich Town,0–0,The American Express Stadium,https://fbref.com/en/matches/2ffa4354/Brighton-and-Hove-Albion-Ipswich-Town-September-14-2024-Premier-League,,,,,,,,,,,,,,,,,,,,,,,,,,,,,,,,,,,,,,,,,,,,,,,,,,,,,,,,,,
2024-2025,2024-09-14,17:30,Aston Villa,Everton,3–2,Villa Park,https://fbref.com/en/matches/cdb4c33b/Aston-Villa-Everton-September-14-2024-Premier-League,,,,,,,,,,,,,,,,,,,,,,,,,,,,,,,,,,,,,,,,,,,,,,,,,,,,,,,,,,
2024-2025,2024-09-14,20:00,Bournemouth,Chelsea,0–1,Vitality Stadium,https://fbref.com/en/matches/456b4762/Bournemouth-Chelsea-September-14-2024-Premier-League,,,,,,,,,,,,,,,,,,,,,,,,,,,,,,,,,,,,,,,,,,,,,,,,,,,,,,,,,,
2024-2025,2024-09-15,14:00,Tottenham,Arsenal,0–1,Tottenham Hotspur Stadium,https://fbref.com/en/matches/17774a57/North-London-Derby-Tottenham-Hotspur-Arsenal-September-15-2024-Premier-League,,,,,,,,,,,,,,,,,,,,,,,,,,,,,,,,,,,,,,,,,,,,,,,,,,,,,,,,,,
2024-2025,2024-09-15,16:30,Wolves,Newcastle Utd,1–2,Molineux Stadium,https://fbref.com/en/matches/4b01981e/Wolverhampton-Wanderers-Newcastle-United-September-15-2024-Premier-League,,,,,,,,,,,,,,,,,,,,,,,,,,,,,,,,,,,,,,,,,,,,,,,,,,,,,,,,,,
2024-2025,2024-09-21,12:30,West Ham,Chelsea,0–3,London Stadium,https://fbref.com/en/matches/ce0fb1f5/West-Ham-United-Chelsea-September-21-2024-Premier-League,,,,,,,,,,,,,,,,,,,,,,,,,,,,,,,,,,,,,,,,,,,,,,,,,,,,,,,,,,
2024-2025,2024-09-21,15:00,Tottenham,Brentford,3–1,Tottenham Hotspur Stadium,https://fbref.com/en/matches/9511708f/Tottenham-Hotspur-Brentford-September-21-2024-Premier-League,,,,,,,,,,,,,,,,,,,,,,,,,,,,,,,,,,,,,,,,,,,,,,,,,,,,,,,,,,
2024-2025,2024-09-21,15:00,Aston Villa,Wolves,3–1,Villa Park,https://fbref.com/en/matches/e2b62260/Aston-Villa-Wolverhampton-Wanderers-September-21-2024-Premier-League,,,,,,,,,,,,,,,,,,,,,,,,,,,,,,,,,,,,,,,,,,,,,,,,,,,,,,,,,,
2024-2025,2024-09-21,15:00,Fulham,Newcastle Utd,3–1,Craven Cottage,https://fbref.com/en/matches/de7298df/Fulham-Newcastle-United-September-21-2024-Premier-League,,,,,,,,,,,,,,,,,,,,,,,,,,,,,,,,,,,,,,,,,,,,,,,,,,,,,,,,,,
2024-2025,2024-09-21,15:00,Southampton,Ipswich Town,1–1,St Mary's Stadium,https://fbref.com/en/matches/948d52cc/Southampton-Ipswich-Town-September-21-2024-Premier-League,,,,,,,,,,,,,,,,,,,,,,,,,,,,,,,,,,,,,,,,,,,,,,,,,,,,,,,,,,
2024-2025,2024-09-21,15:00,Leicester City,Everton,1–1,King Power Stadium,https://fbref.com/en/matches/4e6e1cc7/Leicester-City-Everton-September-21-2024-Premier-League,,,,,,,,,,,,,,,,,,,,,,,,,,,,,,,,,,,,,,,,,,,,,,,,,,,,,,,,,,
2024-2025,2024-09-21,15:00,Liverpool,Bournemouth,3–0,Anfield,https://fbref.com/en/matches/32a9539b/Liverpool-Bournemouth-September-21-2024-Premier-League,,,,,,,,,,,,,,,,,,,,,,,,,,,,,,,,,,,,,,,,,,,,,,,,,,,,,,,,,,
2024-2025,2024-09-21,17:30,Crystal Palace,Manchester Utd,0–0,Selhurst Park,https://fbref.com/en/matches/929e225f/Crystal-Palace-Manchester-United-September-21-2024-Premier-League,,,,,,,,,,,,,,,,,,,,,,,,,,,,,,,,,,,,,,,,,,,,,,,,,,,,,,,,,,
2024-2025,2024-09-22,14:00,Brighton,Nott'ham Forest,2–2,The American Express Stadium,https://fbref.com/en/matches/d701a1df/Brighton-and-Hove-Albion-Nottingham-Forest-September-22-2024-Premier-League,,,,,,,,,,,,,,,,,,,,,,,,,,,,,,,,,,,,,,,,,,,,,,,,,,,,,,,,,,
2024-2025,2024-09-22,16:30,Manchester City,Arsenal,2–2,Etihad Stadium,https://fbref.com/en/matches/d7538020/Manchester-City-Arsenal-September-22-2024-Premier-League,,,,,,,,,,,,,,,,,,,,,,,,,,,,,,,,,,,,,,,,,,,,,,,,,,,,,,,,,,
2024-2025,2024-09-28,12:30,Newcastle Utd,Manchester City,1–1,St James' Park,https://fbref.com/en/matches/b4df0bca/Newcastle-United-Manchester-City-September-28-2024-Premier-League,,,,,,,,,,,,,,,,,,,,,,,,,,,,,,,,,,,,,,,,,,,,,,,,,,,,,,,,,,
2024-2025,2024-09-28,15:00,Brentford,West Ham,1–1,Gtech Community Stadium,https://fbref.com/en/matches/9c4f2bcd/Brentford-West-Ham-United-September-28-2024-Premier-League,,,,,,,,,,,,,,,,,,,,,,,,,,,,,,,,,,,,,,,,,,,,,,,,,,,,,,,,,,
2024-2025,2024-09-28,15:00,Everton,Crystal Palace,2–1,Goodison Park,https://fbref.com/en/matches/d47382cd/Everton-Crystal-Palace-September-28-2024-Premier-League,,,,,,,,,,,,,,,,,,,,,,,,,,,,,,,,,,,,,,,,,,,,,,,,,,,,,,,,,,
2024-2025,2024-09-28,15:00,Arsenal,Leicester City,4–2,Emirates Stadium,https://fbref.com/en/matches/2ee60ac7/Arsenal-Leicester-City-September-28-2024-Premier-League,,,,,,,,,,,,,,,,,,,,,,,,,,,,,,,,,,,,,,,,,,,,,,,,,,,,,,,,,,
2024-2025,2024-09-28,15:00,Chelsea,Brighton,4–2,Stamford Bridge,https://fbref.com/en/matches/1714cebe/Chelsea-Brighton-and-Hove-Albion-September-28-2024-Premier-League,,,,,,,,,,,,,,,,,,,,,,,,,,,,,,,,,,,,,,,,,,,,,,,,,,,,,,,,,,
2024-2025,2024-09-28,15:00,Nott'ham Forest,Fulham,0–1,The City Ground,https://fbref.com/en/matches/ee7d3371/Nottingham-Forest-Fulham-September-28-2024-Premier-League,,,,,,,,,,,,,,,,,,,,,,,,,,,,,,,,,,,,,,,,,,,,,,,,,,,,,,,,,,
2024-2025,2024-09-28,17:30,Wolves,Liverpool,1–2,Molineux Stadium,https://fbref.com/en/matches/f2633f1d/Wolverhampton-Wanderers-Liverpool-September-28-2024-Premier-League,,,,,,,,,,,,,,,,,,,,,,,,,,,,,,,,,,,,,,,,,,,,,,,,,,,,,,,,,,
2024-2025,2024-09-29,14:00,Ipswich Town,Aston Villa,2–2,Portman Road Stadium,https://fbref.com/en/matches/ef742b9c/Ipswich-Town-Aston-Villa-September-29-2024-Premier-League,,,,,,,,,,,,,,,,,,,,,,,,,,,,,,,,,,,,,,,,,,,,,,,,,,,,,,,,,,
2024-2025,2024-09-29,16:30,Manchester Utd,Tottenham,0–3,Old Trafford,https://fbref.com/en/matches/c4b97377/Manchester-United-Tottenham-Hotspur-September-29-2024-Premier-League,,,,,,,,,,,,,,,,,,,,,,,,,,,,,,,,,,,,,,,,,,,,,,,,,,,,,,,,,,
2024-2025,2024-09-30,20:00,Bournemouth,Southampton,3–1,Vitality Stadium,https://fbref.com/en/matches/04d2cc03/Bournemouth-Southampton-September-30-2024-Premier-League,,,,,,,,,,,,,,,,,,,,,,,,,,,,,,,,,,,,,,,,,,,,,,,,,,,,,,,,,,
2024-2025,2024-10-05,12:30,Crystal Palace,Liverpool,0–1,Selhurst Park,https://fbref.com/en/matches/49ea224b/Crystal-Palace-Liverpool-October-5-2024-Premier-League,,,,,,,,,,,,,,,,,,,,,,,,,,,,,,,,,,,,,,,,,,,,,,,,,,,,,,,,,,
2024-2025,2024-10-05,15:00,Brentford,Wolves,5–3,Gtech Community Stadium,https://fbref.com/en/matches/909090f8/Brentford-Wolverhampton-Wanderers-October-5-2024-Premier-League,,,,,,,,,,,,,,,,,,,,,,,,,,,,,,,,,,,,,,,,,,,,,,,,,,,,,,,,,,
2024-2025,2024-10-05,15:00,Leicester City,Bournemouth,1–0,King Power Stadium,https://fbref.com/en/matches/d153872e/Leicester-City-Bournemouth-October-5-2024-Premier-League,,,,,,,,,,,,,,,,,,,,,,,,,,,,,,,,,,,,,,,,,,,,,,,,,,,,,,,,,,
2024-2025,2024-10-05,15:00,Manchester City,Fulham,3–2,Etihad Stadium,https://fbref.com/en/matches/61d60f62/Manchester-City-Fulham-October-5-2024-Premier-League,,,,,,,,,,,,,,,,,,,,,,,,,,,,,,,,,,,,,,,,,,,,,,,,,,,,,,,,,,
2024-2025,2024-10-05,15:00,West Ham,Ipswich Town,4–1,London Stadium,https://fbref.com/en/matches/93e19c5e/West-Ham-United-Ipswich-Town-October-5-2024-Premier-League,,,,,,,,,,,,,,,,,,,,,,,,,,,,,,,,,,,,,,,,,,,,,,,,,,,,,,,,,,
2024-2025,2024-10-05,15:00,Arsenal,Southampton,3–1,Emirates Stadium,https://fbref.com/en/matches/c6439e5b/Arsenal-Southampton-October-5-2024-Premier-League,,,,,,,,,,,,,,,,,,,,,,,,,,,,,,,,,,,,,,,,,,,,,,,,,,,,,,,,,,
2024-2025,2024-10-05,17:30,Everton,Newcastle Utd,0–0,Goodison Park,https://fbref.com/en/matches/e99a7857/Everton-Newcastle-United-October-5-2024-Premier-League,,,,,,,,,,,,,,,,,,,,,,,,,,,,,,,,,,,,,,,,,,,,,,,,,,,,,,,,,,
2024-2025,2024-10-06,14:00,Aston Villa,Manchester Utd,0–0,Villa Park,https://fbref.com/en/matches/abef5f2a/Aston-Villa-Manchester-United-October-6-2024-Premier-League,,,,,,,,,,,,,,,,,,,,,,,,,,,,,,,,,,,,,,,,,,,,,,,,,,,,,,,,,,
2024-2025,2024-10-06,14:00,Chelsea,Nott'ham Forest,1–1,Stamford Bridge,https://fbref.com/en/matches/b9e00aac/Chelsea-Nottingham-Forest-October-6-2024-Premier-League,,,,,,,,,,,,,,,,,,,,,,,,,,,,,,,,,,,,,,,,,,,,,,,,,,,,,,,,,,
2024-2025,2024-10-06,16:30,Brighton,Tottenham,3–2,The American Express Stadium,https://fbref.com/en/matches/dac142c7/Brighton-and-Hove-Albion-Tottenham-Hotspur-October-6-2024-Premier-League,,,,,,,,,,,,,,,,,,,,,,,,,,,,,,,,,,,,,,,,,,,,,,,,,,,,,,,,,,
2024-2025,2024-10-19,12:30,Tottenham,West Ham,4–1,Tottenham Hotspur Stadium,https://fbref.com/en/matches/923bfab0/Tottenham-Hotspur-West-Ham-United-October-19-2024-Premier-League,,,,,,,,,,,,,,,,,,,,,,,,,,,,,,,,,,,,,,,,,,,,,,,,,,,,,,,,,,
2024-2025,2024-10-19,15:00,Fulham,Aston Villa,1–3,Craven Cottage,https://fbref.com/en/matches/615d637e/Fulham-Aston-Villa-October-19-2024-Premier-League,,,,,,,,,,,,,,,,,,,,,,,,,,,,,,,,,,,,,,,,,,,,,,,,,,,,,,,,,,
2024-2025,2024-10-19,15:00,Ipswich Town,Everton,0–2,Portman Road Stadium,https://fbref.com/en/matches/2273e126/Ipswich-Town-Everton-October-19-2024-Premier-League,,,,,,,,,,,,,,,,,,,,,,,,,,,,,,,,,,,,,,,,,,,,,,,,,,,,,,,,,,
2024-2025,2024-10-19,15:00,Southampton,Leicester City,2–3,St Mary's Stadium,https://fbref.com/en/matches/03d28c48/Southampton-Leicester-City-October-19-2024-Premier-League,,,,,,,,,,,,,,,,,,,,,,,,,,,,,,,,,,,,,,,,,,,,,,,,,,,,,,,,,,
2024-2025,2024-10-19,15:00,Manchester Utd,Brentford,2–1,Old Trafford,https://fbref.com/en/matches/7f2c3291/Manchester-United-Brentford-October-19-2024-Premier-League,,,,,,,,,,,,,,,,,,,,,,,,,,,,,,,,,,,,,,,,,,,,,,,,,,,,,,,,,,
2024-2025,2024-10-19,15:00,Newcastle Utd,Brighton,0–1,St James' Park,https://fbref.com/en/matches/48081db0/Newcastle-United-Brighton-and-Hove-Albion-October-19-2024-Premier-League,,,,,,,,,,,,,,,,,,,,,,,,,,,,,,,,,,,,,,,,,,,,,,,,,,,,,,,,,,
2024-2025,2024-10-19,17:30,Bournemouth,Arsenal,2–0,Vitality Stadium,https://fbref.com/en/matches/01e63a1f/Bournemouth-Arsenal-October-19-2024-Premier-League,,,,,,,,,,,,,,,,,,,,,,,,,,,,,,,,,,,,,,,,,,,,,,,,,,,,,,,,,,
2024-2025,2024-10-20,14:00,Wolves,Manchester City,1–2,Molineux Stadium,https://fbref.com/en/matches/90b22cd5/Wolverhampton-Wanderers-Manchester-City-October-20-2024-Premier-League,,,,,,,,,,,,,,,,,,,,,,,,,,,,,,,,,,,,,,,,,,,,,,,,,,,,,,,,,,
2024-2025,2024-10-20,16:30,Liverpool,Chelsea,2–1,Anfield,https://fbref.com/en/matches/99b4737c/Liverpool-Chelsea-October-20-2024-Premier-League,,,,,,,,,,,,,,,,,,,,,,,,,,,,,,,,,,,,,,,,,,,,,,,,,,,,,,,,,,
2024-2025,2024-10-21,20:00,Nott'ham Forest,Crystal Palace,1–0,The City Ground,https://fbref.com/en/matches/5ed3894e/Nottingham-Forest-Crystal-Palace-October-21-2024-Premier-League,,,,,,,,,,,,,,,,,,,,,,,,,,,,,,,,,,,,,,,,,,,,,,,,,,,,,,,,,,
2024-2025,2024-10-25,20:00,Leicester City,Nott'ham Forest,1–3,King Power Stadium,https://fbref.com/en/matches/292d8bc4/Leicester-City-Nottingham-Forest-October-25-2024-Premier-League,,,,,,,,,,,,,,,,,,,,,,,,,,,,,,,,,,,,,,,,,,,,,,,,,,,,,,,,,,
2024-2025,2024-10-26,15:00,Brighton,Wolves,2–2,The American Express Stadium,https://fbref.com/en/matches/9487e056/Brighton-and-Hove-Albion-Wolverhampton-Wanderers-October-26-2024-Premier-League,,,,,,,,,,,,,,,,,,,,,,,,,,,,,,,,,,,,,,,,,,,,,,,,,,,,,,,,,,
2024-2025,2024-10-26,15:00,Manchester City,Southampton,1–0,Etihad Stadium,https://fbref.com/en/matches/b66f6389/Manchester-City-Southampton-October-26-2024-Premier-League,,,,,,,,,,,,,,,,,,,,,,,,,,,,,,,,,,,,,,,,,,,,,,,,,,,,,,,,,,
2024-2025,2024-10-26,15:00,Brentford,Ipswich Town,4–3,Gtech Community Stadium,https://fbref.com/en/matches/1fb2dcde/Brentford-Ipswich-Town-October-26-2024-Premier-League,,,,,,,,,,,,,,,,,,,,,,,,,,,,,,,,,,,,,,,,,,,,,,,,,,,,,,,,,,
2024-2025,2024-10-26,15:00,Aston Villa,Bournemouth,1–1,Villa Park,https://fbref.com/en/matches/bce300b2/Aston-Villa-Bournemouth-October-26-2024-Premier-League,,,,,,,,,,,,,,,,,,,,,,,,,,,,,,,,,,,,,,,,,,,,,,,,,,,,,,,,,,
2024-2025,2024-10-26,17:30,Everton,Fulham,1–1,Goodison Park,https://fbref.com/en/matches/1e5152bf/Everton-Fulham-October-26-2024-Premier-League,,,,,,,,,,,,,,,,,,,,,,,,,,,,,,,,,,,,,,,,,,,,,,,,,,,,,,,,,,
2024-2025,2024-10-27,14:00,West Ham,Manchester Utd,2–1,London Stadium,https://fbref.com/en/matches/38c31a07/West-Ham-United-Manchester-United-October-27-2024-Premier-League,,,,,,,,,,,,,,,,,,,,,,,,,,,,,,,,,,,,,,,,,,,,,,,,,,,,,,,,,,
2024-2025,2024-10-27,14:00,Chelsea,Newcastle Utd,2–1,Stamford Bridge,https://fbref.com/en/matches/33571b04/Chelsea-Newcastle-United-October-27-2024-Premier-League,,,,,,,,,,,,,,,,,,,,,,,,,,,,,,,,,,,,,,,,,,,,,,,,,,,,,,,,,,
2024-2025,2024-10-27,14:00,Crystal Palace,Tottenham,1–0,Selhurst Park,https://fbref.com/en/matches/e995d937/Crystal-Palace-Tottenham-Hotspur-October-27-2024-Premier-League,,,,,,,,,,,,,,,,,,,,,,,,,,,,,,,,,,,,,,,,,,,,,,,,,,,,,,,,,,
2024-2025,2024-10-27,16:30,Arsenal,Liverpool,2–2,Emirates Stadium,https://fbref.com/en/matches/68aa1099/Arsenal-Liverpool-October-27-2024-Premier-League,,,,,,,,,,,,,,,,,,,,,,,,,,,,,,,,,,,,,,,,,,,,,,,,,,,,,,,,,,
2024-2025,2024-11-02,12:30,Newcastle Utd,Arsenal,1–0,St James' Park,https://fbref.com/en/matches/cc960c22/Newcastle-United-Arsenal-November-2-2024-Premier-League,,,,,,,,,,,,,,,,,,,,,,,,,,,,,,,,,,,,,,,,,,,,,,,,,,,,,,,,,,
2024-2025,2024-11-02,15:00,Liverpool,Brighton,2–1,Anfield,https://fbref.com/en/matches/7d114c70/Liverpool-Brighton-and-Hove-Albion-November-2-2024-Premier-League,,,,,,,,,,,,,,,,,,,,,,,,,,,,,,,,,,,,,,,,,,,,,,,,,,,,,,,,,,
2024-2025,2024-11-02,15:00,Southampton,Everton,1–0,St Mary's Stadium,https://fbref.com/en/matches/2be42fdb/Southampton-Everton-November-2-2024-Premier-League,,,,,,,,,,,,,,,,,,,,,,,,,,,,,,,,,,,,,,,,,,,,,,,,,,,,,,,,,,
2024-2025,2024-11-02,15:00,Nott'ham Forest,West Ham,3–0,The City Ground,https://fbref.com/en/matches/c2505640/Nottingham-Forest-West-Ham-United-November-2-2024-Premier-League,,,,,,,,,,,,,,,,,,,,,,,,,,,,,,,,,,,,,,,,,,,,,,,,,,,,,,,,,,
2024-2025,2024-11-02,15:00,Ipswich Town,Leicester City,1–1,Portman Road Stadium,https://fbref.com/en/matches/ed8f93a0/Ipswich-Town-Leicester-City-November-2-2024-Premier-League,,,,,,,,,,,,,,,,,,,,,,,,,,,,,,,,,,,,,,,,,,,,,,,,,,,,,,,,,,
2024-2025,2024-11-02,15:00,Bournemouth,Manchester City,2–1,Vitality Stadium,https://fbref.com/en/matches/ed970fef/Bournemouth-Manchester-City-November-2-2024-Premier-League,,,,,,,,,,,,,,,,,,,,,,,,,,,,,,,,,,,,,,,,,,,,,,,,,,,,,,,,,,
2024-2025,2024-11-02,17:30,Wolves,Crystal Palace,2–2,Molineux Stadium,https://fbref.com/en/matches/a4251fae/Wolverhampton-Wanderers-Crystal-Palace-November-2-2024-Premier-League,,,,,,,,,,,,,,,,,,,,,,,,,,,,,,,,,,,,,,,,,,,,,,,,,,,,,,,,,,
2024-2025,2024-11-03,14:00,Tottenham,Aston Villa,4–1,Tottenham Hotspur Stadium,https://fbref.com/en/matches/8fa951f9/Tottenham-Hotspur-Aston-Villa-November-3-2024-Premier-League,,,,,,,,,,,,,,,,,,,,,,,,,,,,,,,,,,,,,,,,,,,,,,,,,,,,,,,,,,
2024-2025,2024-11-03,16:30,Manchester Utd,Chelsea,1–1,Old Trafford,https://fbref.com/en/matches/1273ae28/Manchester-United-Chelsea-November-3-2024-Premier-League,,,,,,,,,,,,,,,,,,,,,,,,,,,,,,,,,,,,,,,,,,,,,,,,,,,,,,,,,,
2024-2025,2024-11-04,20:00,Fulham,Brentford,2–1,Craven Cottage,https://fbref.com/en/matches/e1590847/Fulham-Brentford-November-4-2024-Premier-League,,,,,,,,,,,,,,,,,,,,,,,,,,,,,,,,,,,,,,,,,,,,,,,,,,,,,,,,,,
2024-2025,2024-11-09,15:00,West Ham,Everton,0–0,London Stadium,https://fbref.com/en/matches/a4cf40b4/West-Ham-United-Everton-November-9-2024-Premier-League,,,,,,,,,,,,,,,,,,,,,,,,,,,,,,,,,,,,,,,,,,,,,,,,,,,,,,,,,,
2024-2025,2024-11-09,15:00,Crystal Palace,Fulham,0–2,Selhurst Park,https://fbref.com/en/matches/d5015ba4/Crystal-Palace-Fulham-November-9-2024-Premier-League,,,,,,,,,,,,,,,,,,,,,,,,,,,,,,,,,,,,,,,,,,,,,,,,,,,,,,,,,,
2024-2025,2024-11-09,15:00,Wolves,Southampton,2–0,Molineux Stadium,https://fbref.com/en/matches/dbec2d40/Wolverhampton-Wanderers-Southampton-November-9-2024-Premier-League,,,,,,,,,,,,,,,,,,,,,,,,,,,,,,,,,,,,,,,,,,,,,,,,,,,,,,,,,,
2024-2025,2024-11-09,15:00,Brentford,Bournemouth,3–2,Gtech Community Stadium,https://fbref.com/en/matches/1c998ef5/Brentford-Bournemouth-November-9-2024-Premier-League,,,,,,,,,,,,,,,,,,,,,,,,,,,,,,,,,,,,,,,,,,,,,,,,,,,,,,,,,,
2024-2025,2024-11-09,17:30,Brighton,Manchester City,2–1,The American Express Stadium,https://fbref.com/en/matches/62aa7905/Brighton-and-Hove-Albion-Manchester-City-November-9-2024-Premier-League,,,,,,,,,,,,,,,,,,,,,,,,,,,,,,,,,,,,,,,,,,,,,,,,,,,,,,,,,,
2024-2025,2024-11-09,20:00,Liverpool,Aston Villa,2–0,Anfield,https://fbref.com/en/matches/737af5bf/Liverpool-Aston-Villa-November-9-2024-Premier-League,,,,,,,,,,,,,,,,,,,,,,,,,,,,,,,,,,,,,,,,,,,,,,,,,,,,,,,,,,
2024-2025,2024-11-10,14:00,Tottenham,Ipswich Town,1–2,Tottenham Hotspur Stadium,https://fbref.com/en/matches/f9b9c3c4/Tottenham-Hotspur-Ipswich-Town-November-10-2024-Premier-League,,,,,,,,,,,,,,,,,,,,,,,,,,,,,,,,,,,,,,,,,,,,,,,,,,,,,,,,,,
2024-2025,2024-11-10,14:00,Nott'ham Forest,Newcastle Utd,1–3,The City Ground,https://fbref.com/en/matches/a41ce5c3/Nottingham-Forest-Newcastle-United-November-10-2024-Premier-League,,,,,,,,,,,,,,,,,,,,,,,,,,,,,,,,,,,,,,,,,,,,,,,,,,,,,,,,,,
2024-2025,2024-11-10,14:00,Manchester Utd,Leicester City,3–0,Old Trafford,https://fbref.com/en/matches/35888afe/Manchester-United-Leicester-City-November-10-2024-Premier-League,,,,,,,,,,,,,,,,,,,,,,,,,,,,,,,,,,,,,,,,,,,,,,,,,,,,,,,,,,
2024-2025,2024-11-10,16:30,Chelsea,Arsenal,1–1,Stamford Bridge,https://fbref.com/en/matches/2874d56e/North-West-London-Derby-Chelsea-Arsenal-November-10-2024-Premier-League,,,,,,,,,,,,,,,,,,,,,,,,,,,,,,,,,,,,,,,,,,,,,,,,,,,,,,,,,,
2024-2025,2024-11-23,12:30,Leicester City,Chelsea,1–2,King Power Stadium,https://fbref.com/en/matches/bb885467/Leicester-City-Chelsea-November-23-2024-Premier-League,,,,,,,,,,,,,,,,,,,,,,,,,,,,,,,,,,,,,,,,,,,,,,,,,,,,,,,,,,
2024-2025,2024-11-23,15:00,Aston Villa,Crystal Palace,2–2,Villa Park,https://fbref.com/en/matches/bf2e07a1/Aston-Villa-Crystal-Palace-November-23-2024-Premier-League,,,,,,,,,,,,,,,,,,,,,,,,,,,,,,,,,,,,,,,,,,,,,,,,,,,,,,,,,,
2024-2025,2024-11-23,15:00,Fulham,Wolves,1–4,Craven Cottage,https://fbref.com/en/matches/ed24aeb8/Fulham-Wolverhampton-Wanderers-November-23-2024-Premier-League,,,,,,,,,,,,,,,,,,,,,,,,,,,,,,,,,,,,,,,,,,,,,,,,,,,,,,,,,,
2024-2025,2024-11-23,15:00,Bournemouth,Brighton,1–2,Vitality Stadium,https://fbref.com/en/matches/4708a5bf/Bournemouth-Brighton-and-Hove-Albion-November-23-2024-Premier-League,,,,,,,,,,,,,,,,,,,,,,,,,,,,,,,,,,,,,,,,,,,,,,,,,,,,,,,,,,
2024-2025,2024-11-23,15:00,Arsenal,Nott'ham Forest,3–0,Emirates Stadium,https://fbref.com/en/matches/0cb4129b/Arsenal-Nottingham-Forest-November-23-2024-Premier-League,,,,,,,,,,,,,,,,,,,,,,,,,,,,,,,,,,,,,,,,,,,,,,,,,,,,,,,,,,
2024-2025,2024-11-23,15:00,Everton,Brentford,0–0,Goodison Park,https://fbref.com/en/matches/dd7675a7/Everton-Brentford-November-23-2024-Premier-League,,,,,,,,,,,,,,,,,,,,,,,,,,,,,,,,,,,,,,,,,,,,,,,,,,,,,,,,,,
2024-2025,2024-11-23,17:30,Manchester City,Tottenham,0–4,Etihad Stadium,https://fbref.com/en/matches/c48b896c/Manchester-City-Tottenham-Hotspur-November-23-2024-Premier-League,,,,,,,,,,,,,,,,,,,,,,,,,,,,,,,,,,,,,,,,,,,,,,,,,,,,,,,,,,
2024-2025,2024-11-24,14:00,Southampton,Liverpool,2–3,St Mary's Stadium,https://fbref.com/en/matches/eb6f8e39/Southampton-Liverpool-November-24-2024-Premier-League,,,,,,,,,,,,,,,,,,,,,,,,,,,,,,,,,,,,,,,,,,,,,,,,,,,,,,,,,,
2024-2025,2024-11-24,16:30,Ipswich Town,Manchester Utd,1–1,Portman Road Stadium,https://fbref.com/en/matches/db1e4ea5/Ipswich-Town-Manchester-United-November-24-2024-Premier-League,,,,,,,,,,,,,,,,,,,,,,,,,,,,,,,,,,,,,,,,,,,,,,,,,,,,,,,,,,
2024-2025,2024-11-25,20:00,Newcastle Utd,West Ham,0–2,St James' Park,https://fbref.com/en/matches/79f46eec/Newcastle-United-West-Ham-United-November-25-2024-Premier-League,,,,,,,,,,,,,,,,,,,,,,,,,,,,,,,,,,,,,,,,,,,,,,,,,,,,,,,,,,
2024-2025,2024-11-29,20:00,Brighton,Southampton,1–1,The American Express Stadium,https://fbref.com/en/matches/d38c4a31/Brighton-and-Hove-Albion-Southampton-November-29-2024-Premier-League,,,,,,,,,,,,,,,,,,,,,,,,,,,,,,,,,,,,,,,,,,,,,,,,,,,,,,,,,,
2024-2025,2024-11-30,15:00,Wolves,Bournemouth,2–4,Molineux Stadium,https://fbref.com/en/matches/adfb1b89/Wolverhampton-Wanderers-Bournemouth-November-30-2024-Premier-League,,,,,,,,,,,,,,,,,,,,,,,,,,,,,,,,,,,,,,,,,,,,,,,,,,,,,,,,,,
2024-2025,2024-11-30,15:00,Nott'ham Forest,Ipswich Town,1–0,The City Ground,https://fbref.com/en/matches/ddc8856c/Nottingham-Forest-Ipswich-Town-November-30-2024-Premier-League,,,,,,,,,,,,,,,,,,,,,,,,,,,,,,,,,,,,,,,,,,,,,,,,,,,,,,,,,,
2024-2025,2024-11-30,15:00,Brentford,Leicester City,4–1,Gtech Community Stadium,https://fbref.com/en/matches/f4f9a64f/Brentford-Leicester-City-November-30-2024-Premier-League,,,,,,,,,,,,,,,,,,,,,,,,,,,,,,,,,,,,,,,,,,,,,,,,,,,,,,,,,,
2024-2025,2024-11-30,15:00,Crystal Palace,Newcastle Utd,1–1,Selhurst Park,https://fbref.com/en/matches/a4f03af0/Crystal-Palace-Newcastle-United-November-30-2024-Premier-League,,,,,,,,,,,,,,,,,,,,,,,,,,,,,,,,,,,,,,,,,,,,,,,,,,,,,,,,,,
2024-2025,2024-11-30,17:30,West Ham,Arsenal,2–5,London Stadium,https://fbref.com/en/matches/f78bee62/West-Ham-United-Arsenal-November-30-2024-Premier-League,,,,,,,,,,,,,,,,,,,,,,,,,,,,,,,,,,,,,,,,,,,,,,,,,,,,,,,,,,
2024-2025,2024-12-01,13:30,Manchester Utd,Everton,4–0,Old Trafford,https://fbref.com/en/matches/e6eef20f/Manchester-United-Everton-December-1-2024-Premier-League,,,,,,,,,,,,,,,,,,,,,,,,,,,,,,,,,,,,,,,,,,,,,,,,,,,,,,,,,,
2024-2025,2024-12-01,13:30,Tottenham,Fulham,1–1,Tottenham Hotspur Stadium,https://fbref.com/en/matches/9aaa6ed5/Tottenham-Hotspur-Fulham-December-1-2024-Premier-League,,,,,,,,,,,,,,,,,,,,,,,,,,,,,,,,,,,,,,,,,,,,,,,,,,,,,,,,,,
2024-2025,2024-12-01,13:30,Chelsea,Aston Villa,3–0,Stamford Bridge,https://fbref.com/en/matches/080b797b/Chelsea-Aston-Villa-December-1-2024-Premier-League,,,,,,,,,,,,,,,,,,,,,,,,,,,,,,,,,,,,,,,,,,,,,,,,,,,,,,,,,,
2024-2025,2024-12-01,16:00,Liverpool,Manchester City,2–0,Anfield,https://fbref.com/en/matches/0bd6ad44/Liverpool-Manchester-City-December-1-2024-Premier-League,,,,,,,,,,,,,,,,,,,,,,,,,,,,,,,,,,,,,,,,,,,,,,,,,,,,,,,,,,
2024-2025,2024-12-03,19:30,Ipswich Town,Crystal Palace,0–1,Portman Road Stadium,https://fbref.com/en/matches/f7a96e82/Ipswich-Town-Crystal-Palace-December-3-2024-Premier-League,,,,,,,,,,,,,,,,,,,,,,,,,,,,,,,,,,,,,,,,,,,,,,,,,,,,,,,,,,
2024-2025,2024-12-03,20:15,Leicester City,West Ham,3–1,King Power Stadium,https://fbref.com/en/matches/355fd8ce/Leicester-City-West-Ham-United-December-3-2024-Premier-League,,,,,,,,,,,,,,,,,,,,,,,,,,,,,,,,,,,,,,,,,,,,,,,,,,,,,,,,,,
2024-2025,2024-12-04,19:30,Newcastle Utd,Liverpool,3–3,St James' Park,https://fbref.com/en/matches/ca898c29/Newcastle-United-Liverpool-December-4-2024-Premier-League,,,,,,,,,,,,,,,,,,,,,,,,,,,,,,,,,,,,,,,,,,,,,,,,,,,,,,,,,,
2024-2025,2024-12-04,19:30,Everton,Wolves,4–0,Goodison Park,https://fbref.com/en/matches/71f00b04/Everton-Wolverhampton-Wanderers-December-4-2024-Premier-League,,,,,,,,,,,,,,,,,,,,,,,,,,,,,,,,,,,,,,,,,,,,,,,,,,,,,,,,,,
2024-2025,2024-12-04,19:30,Manchester City,Nott'ham Forest,3–0,Etihad Stadium,https://fbref.com/en/matches/dedb0eee/Manchester-City-Nottingham-Forest-December-4-2024-Premier-League,,,,,,,,,,,,,,,,,,,,,,,,,,,,,,,,,,,,,,,,,,,,,,,,,,,,,,,,,,
2024-2025,2024-12-04,19:30,Southampton,Chelsea,1–5,St Mary's Stadium,https://fbref.com/en/matches/e4480630/Southampton-Chelsea-December-4-2024-Premier-League,,,,,,,,,,,,,,,,,,,,,,,,,,,,,,,,,,,,,,,,,,,,,,,,,,,,,,,,,,
2024-2025,2024-12-04,20:15,Arsenal,Manchester Utd,2–0,Emirates Stadium,https://fbref.com/en/matches/9938aa27/Arsenal-Manchester-United-December-4-2024-Premier-League,,,,,,,,,,,,,,,,,,,,,,,,,,,,,,,,,,,,,,,,,,,,,,,,,,,,,,,,,,
2024-2025,2024-12-04,20:15,Aston Villa,Brentford,3–1,Villa Park,https://fbref.com/en/matches/c24a734b/Aston-Villa-Brentford-December-4-2024-Premier-League,,,,,,,,,,,,,,,,,,,,,,,,,,,,,,,,,,,,,,,,,,,,,,,,,,,,,,,,,,
2024-2025,2024-12-05,19:30,Fulham,Brighton,3–1,Craven Cottage,https://fbref.com/en/matches/32aaf579/Fulham-Brighton-and-Hove-Albion-December-5-2024-Premier-League,,,,,,,,,,,,,,,,,,,,,,,,,,,,,,,,,,,,,,,,,,,,,,,,,,,,,,,,,,
2024-2025,2024-12-05,20:15,Bournemouth,Tottenham,1–0,Vitality Stadium,https://fbref.com/en/matches/c7e59a0a/Bournemouth-Tottenham-Hotspur-December-5-2024-Premier-League,,,,,,,,,,,,,,,,,,,,,,,,,,,,,,,,,,,,,,,,,,,,,,,,,,,,,,,,,,
2024-2025,2024-12-07,15:00,Aston Villa,Southampton,1–0,Villa Park,https://fbref.com/en/matches/92cfde2c/Aston-Villa-Southampton-December-7-2024-Premier-League,,,,,,,,,,,,,,,,,,,,,,,,,,,,,,,,,,,,,,,,,,,,,,,,,,,,,,,,,,
2024-2025,2024-12-07,15:00,Crystal Palace,Manchester City,2–2,Selhurst Park,https://fbref.com/en/matches/6b7fbda1/Crystal-Palace-Manchester-City-December-7-2024-Premier-League,,,,,,,,,,,,,,,,,,,,,,,,,,,,,,,,,,,,,,,,,,,,,,,,,,,,,,,,,,
2024-2025,2024-12-07,15:00,Brentford,Newcastle Utd,4–2,Gtech Community Stadium,https://fbref.com/en/matches/1042592d/Brentford-Newcastle-United-December-7-2024-Premier-League,,,,,,,,,,,,,,,,,,,,,,,,,,,,,,,,,,,,,,,,,,,,,,,,,,,,,,,,,,
2024-2025,2024-12-07,17:30,Manchester Utd,Nott'ham Forest,2–3,Old Trafford,https://fbref.com/en/matches/08966ea6/Manchester-United-Nottingham-Forest-December-7-2024-Premier-League,,,,,,,,,,,,,,,,,,,,,,,,,,,,,,,,,,,,,,,,,,,,,,,,,,,,,,,,,,
2024-2025,2024-12-08,14:00,Leicester City,Brighton,2–2,King Power Stadium,https://fbref.com/en/matches/7b549f8f/Leicester-City-Brighton-and-Hove-Albion-December-8-2024-Premier-League,,,,,,,,,,,,,,,,,,,,,,,,,,,,,,,,,,,,,,,,,,,,,,,,,,,,,,,,,,
2024-2025,2024-12-08,14:00,Ipswich Town,Bournemouth,1–2,Portman Road Stadium,https://fbref.com/en/matches/392c7b1f/Ipswich-Town-Bournemouth-December-8-2024-Premier-League,,,,,,,,,,,,,,,,,,,,,,,,,,,,,,,,,,,,,,,,,,,,,,,,,,,,,,,,,,
2024-2025,2024-12-08,14:00,Fulham,Arsenal,1–1,Craven Cottage,https://fbref.com/en/matches/038dfa98/Fulham-Arsenal-December-8-2024-Premier-League,,,,,,,,,,,,,,,,,,,,,,,,,,,,,,,,,,,,,,,,,,,,,,,,,,,,,,,,,,
2024-2025,2024-12-08,16:30,Tottenham,Chelsea,3–4,Tottenham Hotspur Stadium,https://fbref.com/en/matches/abff9b73/Tottenham-Hotspur-Chelsea-December-8-2024-Premier-League,,,,,,,,,,,,,,,,,,,,,,,,,,,,,,,,,,,,,,,,,,,,,,,,,,,,,,,,,,
2024-2025,2024-12-09,20:00,West Ham,Wolves,2–1,London Stadium,https://fbref.com/en/matches/4d72ec87/West-Ham-United-Wolverhampton-Wanderers-December-9-2024-Premier-League,,,,,,,,,,,,,,,,,,,,,,,,,,,,,,,,,,,,,,,,,,,,,,,,,,,,,,,,,,
2024-2025,2024-12-14,15:00,Liverpool,Fulham,2–2,Anfield,https://fbref.com/en/matches/a436996c/Liverpool-Fulham-December-14-2024-Premier-League,,,,,,,,,,,,,,,,,,,,,,,,,,,,,,,,,,,,,,,,,,,,,,,,,,,,,,,,,,
2024-2025,2024-12-14,15:00,Wolves,Ipswich Town,1–2,Molineux Stadium,https://fbref.com/en/matches/46d52e33/Wolverhampton-Wanderers-Ipswich-Town-December-14-2024-Premier-League,,,,,,,,,,,,,,,,,,,,,,,,,,,,,,,,,,,,,,,,,,,,,,,,,,,,,,,,,,
2024-2025,2024-12-14,15:00,Newcastle Utd,Leicester City,4–0,St James' Park,https://fbref.com/en/matches/0b6fe43f/Newcastle-United-Leicester-City-December-14-2024-Premier-League,,,,,,,,,,,,,,,,,,,,,,,,,,,,,,,,,,,,,,,,,,,,,,,,,,,,,,,,,,
2024-2025,2024-12-14,15:00,Arsenal,Everton,0–0,Emirates Stadium,https://fbref.com/en/matches/32aa9e8e/Arsenal-Everton-December-14-2024-Premier-League,,,,,,,,,,,,,,,,,,,,,,,,,,,,,,,,,,,,,,,,,,,,,,,,,,,,,,,,,,
2024-2025,2024-12-14,17:30,Nott'ham Forest,Aston Villa,2–1,The City Ground,https://fbref.com/en/matches/26926fd3/Nottingham-Forest-Aston-Villa-December-14-2024-Premier-League,,,,,,,,,,,,,,,,,,,,,,,,,,,,,,,,,,,,,,,,,,,,,,,,,,,,,,,,,,
2024-2025,2024-12-15,14:00,Brighton,Crystal Palace,1–3,The American Express Stadium,https://fbref.com/en/matches/c8314a05/Brighton-and-Hove-Albion-Crystal-Palace-December-15-2024-Premier-League,,,,,,,,,,,,,,,,,,,,,,,,,,,,,,,,,,,,,,,,,,,,,,,,,,,,,,,,,,
2024-2025,2024-12-15,16:30,Manchester City,Manchester Utd,1–2,Etihad Stadium,https://fbref.com/en/matches/3d772028/Manchester-Derby-Manchester-City-Manchester-United-December-15-2024-Premier-League,,,,,,,,,,,,,,,,,,,,,,,,,,,,,,,,,,,,,,,,,,,,,,,,,,,,,,,,,,
2024-2025,2024-12-15,19:00,Southampton,Tottenham,0–5,St Mary's Stadium,https://fbref.com/en/matches/37afd6da/Southampton-Tottenham-Hotspur-December-15-2024-Premier-League,,,,,,,,,,,,,,,,,,,,,,,,,,,,,,,,,,,,,,,,,,,,,,,,,,,,,,,,,,
2024-2025,2024-12-15,19:00,Chelsea,Brentford,2–1,Stamford Bridge,https://fbref.com/en/matches/5f0803f7/Chelsea-Brentford-December-15-2024-Premier-League,,,,,,,,,,,,,,,,,,,,,,,,,,,,,,,,,,,,,,,,,,,,,,,,,,,,,,,,,,
2024-2025,2024-12-16,20:00,Bournemouth,West Ham,1–1,Vitality Stadium,https://fbref.com/en/matches/49cd674b/Bournemouth-West-Ham-United-December-16-2024-Premier-League,,,,,,,,,,,,,,,,,,,,,,,,,,,,,,,,,,,,,,,,,,,,,,,,,,,,,,,,,,
2024-2025,2024-12-21,12:30,Aston Villa,Manchester City,2–1,Villa Park,https://fbref.com/en/matches/ce9dc982/Aston-Villa-Manchester-City-December-21-2024-Premier-League,,,,,,,,,,,,,,,,,,,,,,,,,,,,,,,,,,,,,,,,,,,,,,,,,,,,,,,,,,
2024-2025,2024-12-21,15:00,Ipswich Town,Newcastle Utd,0–4,Portman Road Stadium,https://fbref.com/en/matches/764fc51e/Ipswich-Town-Newcastle-United-December-21-2024-Premier-League,,,,,,,,,,,,,,,,,,,,,,,,,,,,,,,,,,,,,,,,,,,,,,,,,,,,,,,,,,
2024-2025,2024-12-21,15:00,Brentford,Nott'ham Forest,0–2,Gtech Community Stadium,https://fbref.com/en/matches/1c60d037/Brentford-Nottingham-Forest-December-21-2024-Premier-League,,,,,,,,,,,,,,,,,,,,,,,,,,,,,,,,,,,,,,,,,,,,,,,,,,,,,,,,,,
2024-2025,2024-12-21,15:00,West Ham,Brighton,1–1,London Stadium,https://fbref.com/en/matches/04be8e87/West-Ham-United-Brighton-and-Hove-Albion-December-21-2024-Premier-League,,,,,,,,,,,,,,,,,,,,,,,,,,,,,,,,,,,,,,,,,,,,,,,,,,,,,,,,,,
2024-2025,2024-12-21,17:30,Crystal Palace,Arsenal,1–5,Selhurst Park,https://fbref.com/en/matches/5e7aa707/Crystal-Palace-Arsenal-December-21-2024-Premier-League,,,,,,,,,,,,,,,,,,,,,,,,,,,,,,,,,,,,,,,,,,,,,,,,,,,,,,,,,,
2024-2025,2024-12-22,14:00,Manchester Utd,Bournemouth,0–3,Old Trafford,https://fbref.com/en/matches/8381ba53/Manchester-United-Bournemouth-December-22-2024-Premier-League,,,,,,,,,,,,,,,,,,,,,,,,,,,,,,,,,,,,,,,,,,,,,,,,,,,,,,,,,,
2024-2025,2024-12-22,14:00,Leicester City,Wolves,0–3,King Power Stadium,https://fbref.com/en/matches/ecd6cb1d/Leicester-City-Wolverhampton-Wanderers-December-22-2024-Premier-League,,,,,,,,,,,,,,,,,,,,,,,,,,,,,,,,,,,,,,,,,,,,,,,,,,,,,,,,,,
2024-2025,2024-12-22,14:00,Everton,Chelsea,0–0,Goodison Park,https://fbref.com/en/matches/de72140c/Everton-Chelsea-December-22-2024-Premier-League,,,,,,,,,,,,,,,,,,,,,,,,,,,,,,,,,,,,,,,,,,,,,,,,,,,,,,,,,,
2024-2025,2024-12-22,14:00,Fulham,Southampton,0–0,Craven Cottage,https://fbref.com/en/matches/ba3fcb1e/Fulham-Southampton-December-22-2024-Premier-League,,,,,,,,,,,,,,,,,,,,,,,,,,,,,,,,,,,,,,,,,,,,,,,,,,,,,,,,,,
2024-2025,2024-12-22,16:30,Tottenham,Liverpool,3–6,Tottenham Hotspur Stadium,https://fbref.com/en/matches/1e1cea4c/Tottenham-Hotspur-Liverpool-December-22-2024-Premier-League,,,,,,,,,,,,,,,,,,,,,,,,,,,,,,,,,,,,,,,,,,,,,,,,,,,,,,,,,,
2024-2025,2024-12-26,12:30,Manchester City,Everton,1–1,Etihad Stadium,https://fbref.com/en/matches/87f2d794/Manchester-City-Everton-December-26-2024-Premier-League,,,,,,,,,,,,,,,,,,,,,,,,,,,,,,,,,,,,,,,,,,,,,,,,,,,,,,,,,,
2024-2025,2024-12-26,15:00,Southampton,West Ham,0–1,St Mary's Stadium,https://fbref.com/en/matches/8050686b/Southampton-West-Ham-United-December-26-2024-Premier-League,,,,,,,,,,,,,,,,,,,,,,,,,,,,,,,,,,,,,,,,,,,,,,,,,,,,,,,,,,
2024-2025,2024-12-26,15:00,Newcastle Utd,Aston Villa,3–0,St James' Park,https://fbref.com/en/matches/9985f304/Newcastle-United-Aston-Villa-December-26-2024-Premier-League,,,,,,,,,,,,,,,,,,,,,,,,,,,,,,,,,,,,,,,,,,,,,,,,,,,,,,,,,,
2024-2025,2024-12-26,15:00,Nott'ham Forest,Tottenham,1–0,The City Ground,https://fbref.com/en/matches/eb738106/Nottingham-Forest-Tottenham-Hotspur-December-26-2024-Premier-League,,,,,,,,,,,,,,,,,,,,,,,,,,,,,,,,,,,,,,,,,,,,,,,,,,,,,,,,,,
2024-2025,2024-12-26,15:00,Bournemouth,Crystal Palace,0–0,Vitality Stadium,https://fbref.com/en/matches/886ca6b3/Bournemouth-Crystal-Palace-December-26-2024-Premier-League,,,,,,,,,,,,,,,,,,,,,,,,,,,,,,,,,,,,,,,,,,,,,,,,,,,,,,,,,,
2024-2025,2024-12-26,15:00,Chelsea,Fulham,1–2,Stamford Bridge,https://fbref.com/en/matches/03d6159c/Chelsea-Fulham-December-26-2024-Premier-League,,,,,,,,,,,,,,,,,,,,,,,,,,,,,,,,,,,,,,,,,,,,,,,,,,,,,,,,,,
2024-2025,2024-12-26,17:30,Wolves,Manchester Utd,2–0,Molineux Stadium,https://fbref.com/en/matches/77bcad49/Wolverhampton-Wanderers-Manchester-United-December-26-2024-Premier-League,,,,,,,,,,,,,,,,,,,,,,,,,,,,,,,,,,,,,,,,,,,,,,,,,,,,,,,,,,
2024-2025,2024-12-26,20:00,Liverpool,Leicester City,3–1,Anfield,https://fbref.com/en/matches/1f604fbd/Liverpool-Leicester-City-December-26-2024-Premier-League,,,,,,,,,,,,,,,,,,,,,,,,,,,,,,,,,,,,,,,,,,,,,,,,,,,,,,,,,,
2024-2025,2024-12-27,19:30,Brighton,Brentford,0–0,The American Express Stadium,https://fbref.com/en/matches/15b10b33/Brighton-and-Hove-Albion-Brentford-December-27-2024-Premier-League,,,,,,,,,,,,,,,,,,,,,,,,,,,,,,,,,,,,,,,,,,,,,,,,,,,,,,,,,,
2024-2025,2024-12-27,20:15,Arsenal,Ipswich Town,1–0,Emirates Stadium,https://fbref.com/en/matches/668dad03/Arsenal-Ipswich-Town-December-27-2024-Premier-League,,,,,,,,,,,,,,,,,,,,,,,,,,,,,,,,,,,,,,,,,,,,,,,,,,,,,,,,,,
2024-2025,2024-12-29,14:30,Leicester City,Manchester City,0–2,King Power Stadium,https://fbref.com/en/matches/8bbb6d95/Leicester-City-Manchester-City-December-29-2024-Premier-League,,,,,,,,,,,,,,,,,,,,,,,,,,,,,,,,,,,,,,,,,,,,,,,,,,,,,,,,,,
2024-2025,2024-12-29,15:00,Everton,Nott'ham Forest,0–2,Goodison Park,https://fbref.com/en/matches/5fa986dc/Everton-Nottingham-Forest-December-29-2024-Premier-League,,,,,,,,,,,,,,,,,,,,,,,,,,,,,,,,,,,,,,,,,,,,,,,,,,,,,,,,,,
2024-2025,2024-12-29,15:00,Tottenham,Wolves,2–2,Tottenham Hotspur Stadium,https://fbref.com/en/matches/3d2ef5b4/Tottenham-Hotspur-Wolverhampton-Wanderers-December-29-2024-Premier-League,,,,,,,,,,,,,,,,,,,,,,,,,,,,,,,,,,,,,,,,,,,,,,,,,,,,,,,,,,
2024-2025,2024-12-29,15:00,Fulham,Bournemouth,2–2,Craven Cottage,https://fbref.com/en/matches/4b4023dc/Fulham-Bournemouth-December-29-2024-Premier-League,,,,,,,,,,,,,,,,,,,,,,,,,,,,,,,,,,,,,,,,,,,,,,,,,,,,,,,,,,
2024-2025,2024-12-29,15:00,Crystal Palace,Southampton,2–1,Selhurst Park,https://fbref.com/en/matches/6d06b29c/Crystal-Palace-Southampton-December-29-2024-Premier-League,,,,,,,,,,,,,,,,,,,,,,,,,,,,,,,,,,,,,,,,,,,,,,,,,,,,,,,,,,
2024-2025,2024-12-29,17:15,West Ham,Liverpool,0–5,London Stadium,https://fbref.com/en/matches/c1a66ac0/West-Ham-United-Liverpool-December-29-2024-Premier-League,,,,,,,,,,,,,,,,,,,,,,,,,,,,,,,,,,,,,,,,,,,,,,,,,,,,,,,,,,
2024-2025,2024-12-30,19:45,Aston Villa,Brighton,2–2,Villa Park,https://fbref.com/en/matches/5e8340e9/Aston-Villa-Brighton-and-Hove-Albion-December-30-2024-Premier-League,,,,,,,,,,,,,,,,,,,,,,,,,,,,,,,,,,,,,,,,,,,,,,,,,,,,,,,,,,
2024-2025,2024-12-30,19:45,Ipswich Town,Chelsea,2–0,Portman Road Stadium,https://fbref.com/en/matches/88073205/Ipswich-Town-Chelsea-December-30-2024-Premier-League,,,,,,,,,,,,,,,,,,,,,,,,,,,,,,,,,,,,,,,,,,,,,,,,,,,,,,,,,,
2024-2025,2024-12-30,20:00,Manchester Utd,Newcastle Utd,0–2,Old Trafford,https://fbref.com/en/matches/8cff7a63/Manchester-United-Newcastle-United-December-30-2024-Premier-League,,,,,,,,,,,,,,,,,,,,,,,,,,,,,,,,,,,,,,,,,,,,,,,,,,,,,,,,,,
2024-2025,2025-01-01,17:30,Brentford,Arsenal,1–3,Gtech Community Stadium,https://fbref.com/en/matches/7e6892e4/Brentford-Arsenal-January-1-2025-Premier-League,,,,,,,,,,,,,,,,,,,,,,,,,,,,,,,,,,,,,,,,,,,,,,,,,,,,,,,,,,
2024-2025,2025-01-04,12:30,Tottenham,Newcastle Utd,1–2,Tottenham Hotspur Stadium,https://fbref.com/en/matches/be247ac3/Tottenham-Hotspur-Newcastle-United-January-4-2025-Premier-League,,,,,,,,,,,,,,,,,,,,,,,,,,,,,,,,,,,,,,,,,,,,,,,,,,,,,,,,,,
2024-2025,2025-01-04,15:00,Aston Villa,Leicester City,2–1,Villa Park,https://fbref.com/en/matches/f5ae8d7d/Aston-Villa-Leicester-City-January-4-2025-Premier-League,,,,,,,,,,,,,,,,,,,,,,,,,,,,,,,,,,,,,,,,,,,,,,,,,,,,,,,,,,
2024-2025,2025-01-04,15:00,Bournemouth,Everton,1–0,Vitality Stadium,https://fbref.com/en/matches/43f0c302/Bournemouth-Everton-January-4-2025-Premier-League,,,,,,,,,,,,,,,,,,,,,,,,,,,,,,,,,,,,,,,,,,,,,,,,,,,,,,,,,,
2024-2025,2025-01-04,15:00,Crystal Palace,Chelsea,1–1,Selhurst Park,https://fbref.com/en/matches/cd9861d5/Crystal-Palace-Chelsea-January-4-2025-Premier-League,,,,,,,,,,,,,,,,,,,,,,,,,,,,,,,,,,,,,,,,,,,,,,,,,,,,,,,,,,
2024-2025,2025-01-04,15:00,Southampton,Brentford,0–5,St Mary's Stadium,https://fbref.com/en/matches/36fc576a/Southampton-Brentford-January-4-2025-Premier-League,,,,,,,,,,,,,,,,,,,,,,,,,,,,,,,,,,,,,,,,,,,,,,,,,,,,,,,,,,
2024-2025,2025-01-04,15:00,Manchester City,West Ham,4–1,Etihad Stadium,https://fbref.com/en/matches/d7773a4c/Manchester-City-West-Ham-United-January-4-2025-Premier-League,,,,,,,,,,,,,,,,,,,,,,,,,,,,,,,,,,,,,,,,,,,,,,,,,,,,,,,,,,
2024-2025,2025-01-04,17:30,Brighton,Arsenal,1–1,The American Express Stadium,https://fbref.com/en/matches/52186da4/Brighton-and-Hove-Albion-Arsenal-January-4-2025-Premier-League,,,,,,,,,,,,,,,,,,,,,,,,,,,,,,,,,,,,,,,,,,,,,,,,,,,,,,,,,,
2024-2025,2025-01-05,14:00,Fulham,Ipswich Town,2–2,Craven Cottage,https://fbref.com/en/matches/8b69ef69/Fulham-Ipswich-Town-January-5-2025-Premier-League,,,,,,,,,,,,,,,,,,,,,,,,,,,,,,,,,,,,,,,,,,,,,,,,,,,,,,,,,,
2024-2025,2025-01-05,16:30,Liverpool,Manchester Utd,2–2,Anfield,https://fbref.com/en/matches/4cef863f/North-West-Derby-Liverpool-Manchester-United-January-5-2025-Premier-League,,,,,,,,,,,,,,,,,,,,,,,,,,,,,,,,,,,,,,,,,,,,,,,,,,,,,,,,,,
2024-2025,2025-01-06,20:00,Wolves,Nott'ham Forest,0–3,Molineux Stadium,https://fbref.com/en/matches/56c4250a/Wolverhampton-Wanderers-Nottingham-Forest-January-6-2025-Premier-League,,,,,,,,,,,,,,,,,,,,,,,,,,,,,,,,,,,,,,,,,,,,,,,,,,,,,,,,,,
2024-2025,2025-01-14,19:30,West Ham,Fulham,3–2,London Stadium,https://fbref.com/en/matches/c6168c73/West-Ham-United-Fulham-January-14-2025-Premier-League,,,,,,,,,,,,,,,,,,,,,,,,,,,,,,,,,,,,,,,,,,,,,,,,,,,,,,,,,,
2024-2025,2025-01-14,19:30,Chelsea,Bournemouth,2–2,Stamford Bridge,https://fbref.com/en/matches/fff671a9/Chelsea-Bournemouth-January-14-2025-Premier-League,,,,,,,,,,,,,,,,,,,,,,,,,,,,,,,,,,,,,,,,,,,,,,,,,,,,,,,,,,
2024-2025,2025-01-14,19:30,Brentford,Manchester City,2–2,Gtech Community Stadium,https://fbref.com/en/matches/68c2e6b8/Brentford-Manchester-City-January-14-2025-Premier-League,,,,,,,,,,,,,,,,,,,,,,,,,,,,,,,,,,,,,,,,,,,,,,,,,,,,,,,,,,
2024-2025,2025-01-14,20:00,Nott'ham Forest,Liverpool,1–1,The City Ground,https://fbref.com/en/matches/118f8df8/Nottingham-Forest-Liverpool-January-14-2025-Premier-League,,,,,,,,,,,,,,,,,,,,,,,,,,,,,,,,,,,,,,,,,,,,,,,,,,,,,,,,,,
2024-2025,2025-01-15,19:30,Leicester City,Crystal Palace,0–2,King Power Stadium,https://fbref.com/en/matches/99eb6105/Leicester-City-Crystal-Palace-January-15-2025-Premier-League,,,,,,,,,,,,,,,,,,,,,,,,,,,,,,,,,,,,,,,,,,,,,,,,,,,,,,,,,,
2024-2025,2025-01-15,19:30,Everton,Aston Villa,0–1,Goodison Park,https://fbref.com/en/matches/3e70b855/Everton-Aston-Villa-January-15-2025-Premier-League,,,,,,,,,,,,,,,,,,,,,,,,,,,,,,,,,,,,,,,,,,,,,,,,,,,,,,,,,,
2024-2025,2025-01-15,19:30,Newcastle Utd,Wolves,3–0,St James' Park,https://fbref.com/en/matches/535d70d7/Newcastle-United-Wolverhampton-Wanderers-January-15-2025-Premier-League,,,,,,,,,,,,,,,,,,,,,,,,,,,,,,,,,,,,,,,,,,,,,,,,,,,,,,,,,,
2024-2025,2025-01-15,20:00,Arsenal,Tottenham,2–1,Emirates Stadium,https://fbref.com/en/matches/ee9ce5e2/North-London-Derby-Arsenal-Tottenham-Hotspur-January-15-2025-Premier-League,,,,,,,,,,,,,,,,,,,,,,,,,,,,,,,,,,,,,,,,,,,,,,,,,,,,,,,,,,
2024-2025,2025-01-16,19:30,Ipswich Town,Brighton,0–2,Portman Road Stadium,https://fbref.com/en/matches/ace86fcc/Ipswich-Town-Brighton-and-Hove-Albion-January-16-2025-Premier-League,,,,,,,,,,,,,,,,,,,,,,,,,,,,,,,,,,,,,,,,,,,,,,,,,,,,,,,,,,
2024-2025,2025-01-16,20:00,Manchester Utd,Southampton,3–1,Old Trafford,https://fbref.com/en/matches/f443a602/Manchester-United-Southampton-January-16-2025-Premier-League,,,,,,,,,,,,,,,,,,,,,,,,,,,,,,,,,,,,,,,,,,,,,,,,,,,,,,,,,,
2024-2025,2025-01-18,12:30,Newcastle Utd,Bournemouth,1–4,St James' Park,https://fbref.com/en/matches/99d11a39/Newcastle-United-Bournemouth-January-18-2025-Premier-League,,,,,,,,,,,,,,,,,,,,,,,,,,,,,,,,,,,,,,,,,,,,,,,,,,,,,,,,,,
2024-2025,2025-01-18,15:00,Leicester City,Fulham,0–2,King Power Stadium,https://fbref.com/en/matches/bc3ae18e/Leicester-City-Fulham-January-18-2025-Premier-League,,,,,,,,,,,,,,,,,,,,,,,,,,,,,,,,,,,,,,,,,,,,,,,,,,,,,,,,,,
2024-2025,2025-01-18,15:00,West Ham,Crystal Palace,0–2,London Stadium,https://fbref.com/en/matches/03ac4a9c/West-Ham-United-Crystal-Palace-January-18-2025-Premier-League,,,,,,,,,,,,,,,,,,,,,,,,,,,,,,,,,,,,,,,,,,,,,,,,,,,,,,,,,,
2024-2025,2025-01-18,15:00,Brentford,Liverpool,0–2,Gtech Community Stadium,https://fbref.com/en/matches/5e8445c1/Brentford-Liverpool-January-18-2025-Premier-League,,,,,,,,,,,,,,,,,,,,,,,,,,,,,,,,,,,,,,,,,,,,,,,,,,,,,,,,,,
2024-2025,2025-01-18,17:30,Arsenal,Aston Villa,2–2,Emirates Stadium,https://fbref.com/en/matches/1fdaaaba/Arsenal-Aston-Villa-January-18-2025-Premier-League,,,,,,,,,,,,,,,,,,,,,,,,,,,,,,,,,,,,,,,,,,,,,,,,,,,,,,,,,,
2024-2025,2025-01-19,14:00,Everton,Tottenham,3–2,Goodison Park,https://fbref.com/en/matches/e9f61cb0/Everton-Tottenham-Hotspur-January-19-2025-Premier-League,,,,,,,,,,,,,,,,,,,,,,,,,,,,,,,,,,,,,,,,,,,,,,,,,,,,,,,,,,
2024-2025,2025-01-19,14:00,Manchester Utd,Brighton,1–3,Old Trafford,https://fbref.com/en/matches/45028d5b/Manchester-United-Brighton-and-Hove-Albion-January-19-2025-Premier-League,,,,,,,,,,,,,,,,,,,,,,,,,,,,,,,,,,,,,,,,,,,,,,,,,,,,,,,,,,
2024-2025,2025-01-19,14:00,Nott'ham Forest,Southampton,3–2,The City Ground,https://fbref.com/en/matches/e0f90407/Nottingham-Forest-Southampton-January-19-2025-Premier-League,,,,,,,,,,,,,,,,,,,,,,,,,,,,,,,,,,,,,,,,,,,,,,,,,,,,,,,,,,
2024-2025,2025-01-19,16:30,Ipswich Town,Manchester City,0–6,Portman Road Stadium,https://fbref.com/en/matches/6c829b8f/Ipswich-Town-Manchester-City-January-19-2025-Premier-League,,,,,,,,,,,,,,,,,,,,,,,,,,,,,,,,,,,,,,,,,,,,,,,,,,,,,,,,,,
2024-2025,2025-01-20,20:00,Chelsea,Wolves,3–1,Stamford Bridge,https://fbref.com/en/matches/e62cfa12/Chelsea-Wolverhampton-Wanderers-January-20-2025-Premier-League,,,,,,,,,,,,,,,,,,,,,,,,,,,,,,,,,,,,,,,,,,,,,,,,,,,,,,,,,,
2024-2025,2025-01-25,15:00,Southampton,Newcastle Utd,1–3,St Mary's Stadium,https://fbref.com/en/matches/7d05223b/Southampton-Newcastle-United-January-25-2025-Premier-League,,,,,,,,,,,,,,,,,,,,,,,,,,,,,,,,,,,,,,,,,,,,,,,,,,,,,,,,,,
2024-2025,2025-01-25,15:00,Brighton,Everton,0–1,The American Express Stadium,https://fbref.com/en/matches/b54aac79/Brighton-and-Hove-Albion-Everton-January-25-2025-Premier-League,,,,,,,,,,,,,,,,,,,,,,,,,,,,,,,,,,,,,,,,,,,,,,,,,,,,,,,,,,
2024-2025,2025-01-25,15:00,Liverpool,Ipswich Town,4–1,Anfield,https://fbref.com/en/matches/ee59115f/Liverpool-Ipswich-Town-January-25-2025-Premier-League,,,,,,,,,,,,,,,,,,,,,,,,,,,,,,,,,,,,,,,,,,,,,,,,,,,,,,,,,,
2024-2025,2025-01-25,15:00,Bournemouth,Nott'ham Forest,5–0,Vitality Stadium,https://fbref.com/en/matches/efa8ddd7/Bournemouth-Nottingham-Forest-January-25-2025-Premier-League,,,,,,,,,,,,,,,,,,,,,,,,,,,,,,,,,,,,,,,,,,,,,,,,,,,,,,,,,,
2024-2025,2025-01-25,15:00,Wolves,Arsenal,0–1,Molineux Stadium,https://fbref.com/en/matches/0b39252e/Wolverhampton-Wanderers-Arsenal-January-25-2025-Premier-League,,,,,,,,,,,,,,,,,,,,,,,,,,,,,,,,,,,,,,,,,,,,,,,,,,,,,,,,,,
2024-2025,2025-01-25,17:30,Manchester City,Chelsea,3–1,Etihad Stadium,https://fbref.com/en/matches/bfd54040/Manchester-City-Chelsea-January-25-2025-Premier-League,,,,,,,,,,,,,,,,,,,,,,,,,,,,,,,,,,,,,,,,,,,,,,,,,,,,,,,,,,
2024-2025,2025-01-26,14:00,Crystal Palace,Brentford,1–2,Selhurst Park,https://fbref.com/en/matches/68d6e8fe/Crystal-Palace-Brentford-January-26-2025-Premier-League,,,,,,,,,,,,,,,,,,,,,,,,,,,,,,,,,,,,,,,,,,,,,,,,,,,,,,,,,,
2024-2025,2025-01-26,14:00,Tottenham,Leicester City,1–2,Tottenham Hotspur Stadium,https://fbref.com/en/matches/8226bca2/Tottenham-Hotspur-Leicester-City-January-26-2025-Premier-League,,,,,,,,,,,,,,,,,,,,,,,,,,,,,,,,,,,,,,,,,,,,,,,,,,,,,,,,,,
2024-2025,2025-01-26,16:30,Aston Villa,West Ham,1–1,Villa Park,https://fbref.com/en/matches/bb05246c/Aston-Villa-West-Ham-United-January-26-2025-Premier-League,,,,,,,,,,,,,,,,,,,,,,,,,,,,,,,,,,,,,,,,,,,,,,,,,,,,,,,,,,
2024-2025,2025-01-26,19:00,Fulham,Manchester Utd,0–1,Craven Cottage,https://fbref.com/en/matches/eb14e391/Fulham-Manchester-United-January-26-2025-Premier-League,,,,,,,,,,,,,,,,,,,,,,,,,,,,,,,,,,,,,,,,,,,,,,,,,,,,,,,,,,
2024-2025,2025-02-01,12:30,Nott'ham Forest,Brighton,7–0,The City Ground,https://fbref.com/en/matches/897ab235/Nottingham-Forest-Brighton-and-Hove-Albion-February-1-2025-Premier-League,,,,,,,,,,,,,,,,,,,,,,,,,,,,,,,,,,,,,,,,,,,,,,,,,,,,,,,,,,
2024-2025,2025-02-01,15:00,Everton,Leicester City,4–0,Goodison Park,https://fbref.com/en/matches/475670fb/Everton-Leicester-City-February-1-2025-Premier-League,,,,,,,,,,,,,,,,,,,,,,,,,,,,,,,,,,,,,,,,,,,,,,,,,,,,,,,,,,
2024-2025,2025-02-01,15:00,Newcastle Utd,Fulham,1–2,St James' Park,https://fbref.com/en/matches/5ec3f48b/Newcastle-United-Fulham-February-1-2025-Premier-League,,,,,,,,,,,,,,,,,,,,,,,,,,,,,,,,,,,,,,,,,,,,,,,,,,,,,,,,,,
2024-2025,2025-02-01,15:00,Bournemouth,Liverpool,0–2,Vitality Stadium,https://fbref.com/en/matches/886603cd/Bournemouth-Liverpool-February-1-2025-Premier-League,,,,,,,,,,,,,,,,,,,,,,,,,,,,,,,,,,,,,,,,,,,,,,,,,,,,,,,,,,
2024-2025,2025-02-01,15:00,Ipswich Town,Southampton,1–2,Portman Road Stadium,https://fbref.com/en/matches/1098cac0/Ipswich-Town-Southampton-February-1-2025-Premier-League,,,,,,,,,,,,,,,,,,,,,,,,,,,,,,,,,,,,,,,,,,,,,,,,,,,,,,,,,,
2024-2025,2025-02-01,17:30,Wolves,Aston Villa,2–0,Molineux Stadium,https://fbref.com/en/matches/693ab427/Wolverhampton-Wanderers-Aston-Villa-February-1-2025-Premier-League,,,,,,,,,,,,,,,,,,,,,,,,,,,,,,,,,,,,,,,,,,,,,,,,,,,,,,,,,,
2024-2025,2025-02-02,14:00,Manchester Utd,Crystal Palace,0–2,Old Trafford,https://fbref.com/en/matches/83dba981/Manchester-United-Crystal-Palace-February-2-2025-Premier-League,,,,,,,,,,,,,,,,,,,,,,,,,,,,,,,,,,,,,,,,,,,,,,,,,,,,,,,,,,
2024-2025,2025-02-02,14:00,Brentford,Tottenham,0–2,Gtech Community Stadium,https://fbref.com/en/matches/7193a229/Brentford-Tottenham-Hotspur-February-2-2025-Premier-League,,,,,,,,,,,,,,,,,,,,,,,,,,,,,,,,,,,,,,,,,,,,,,,,,,,,,,,,,,
2024-2025,2025-02-02,16:30,Arsenal,Manchester City,5–1,Emirates Stadium,https://fbref.com/en/matches/2906e921/Arsenal-Manchester-City-February-2-2025-Premier-League,,,,,,,,,,,,,,,,,,,,,,,,,,,,,,,,,,,,,,,,,,,,,,,,,,,,,,,,,,
2024-2025,2025-02-03,20:00,Chelsea,West Ham,2–1,Stamford Bridge,https://fbref.com/en/matches/ed7df9b1/Chelsea-West-Ham-United-February-3-2025-Premier-League,,,,,,,,,,,,,,,,,,,,,,,,,,,,,,,,,,,,,,,,,,,,,,,,,,,,,,,,,,
2024-2025,2025-02-12,19:30,Everton,Liverpool,2–2,Goodison Park,https://fbref.com/en/matches/92627434/Merseyside-Derby-Everton-Liverpool-February-12-2025-Premier-League,,,,,,,,,,,,,,,,,,,,,,,,,,,,,,,,,,,,,,,,,,,,,,,,,,,,,,,,,,
2024-2025,2025-02-14,20:00,Brighton,Chelsea,3–0,The American Express Stadium,https://fbref.com/en/matches/ed780e1d/Brighton-and-Hove-Albion-Chelsea-February-14-2025-Premier-League,,,,,,,,,,,,,,,,,,,,,,,,,,,,,,,,,,,,,,,,,,,,,,,,,,,,,,,,,,
2024-2025,2025-02-15,12:30,Leicester City,Arsenal,0–2,King Power Stadium,https://fbref.com/en/matches/af8aa0dd/Leicester-City-Arsenal-February-15-2025-Premier-League,,,,,,,,,,,,,,,,,,,,,,,,,,,,,,,,,,,,,,,,,,,,,,,,,,,,,,,,,,
2024-2025,2025-02-15,15:00,Fulham,Nott'ham Forest,2–1,Craven Cottage,https://fbref.com/en/matches/5968d7ad/Fulham-Nottingham-Forest-February-15-2025-Premier-League,,,,,,,,,,,,,,,,,,,,,,,,,,,,,,,,,,,,,,,,,,,,,,,,,,,,,,,,,,
2024-2025,2025-02-15,15:00,Manchester City,Newcastle Utd,4–0,Etihad Stadium,https://fbref.com/en/matches/8c51fa01/Manchester-City-Newcastle-United-February-15-2025-Premier-League,,,,,,,,,,,,,,,,,,,,,,,,,,,,,,,,,,,,,,,,,,,,,,,,,,,,,,,,,,
2024-2025,2025-02-15,15:00,Southampton,Bournemouth,1–3,St Mary's Stadium,https://fbref.com/en/matches/ce3da486/Southampton-Bournemouth-February-15-2025-Premier-League,,,,,,,,,,,,,,,,,,,,,,,,,,,,,,,,,,,,,,,,,,,,,,,,,,,,,,,,,,
2024-2025,2025-02-15,15:00,Aston Villa,Ipswich Town,1–1,Villa Park,https://fbref.com/en/matches/06fee8c4/Aston-Villa-Ipswich-Town-February-15-2025-Premier-League,,,,,,,,,,,,,,,,,,,,,,,,,,,,,,,,,,,,,,,,,,,,,,,,,,,,,,,,,,
2024-2025,2025-02-15,15:00,West Ham,Brentford,0–1,London Stadium,https://fbref.com/en/matches/79406a7e/West-Ham-United-Brentford-February-15-2025-Premier-League,,,,,,,,,,,,,,,,,,,,,,,,,,,,,,,,,,,,,,,,,,,,,,,,,,,,,,,,,,
2024-2025,2025-02-15,17:30,Crystal Palace,Everton,1–2,Selhurst Park,https://fbref.com/en/matches/35ee3617/Crystal-Palace-Everton-February-15-2025-Premier-League,,,,,,,,,,,,,,,,,,,,,,,,,,,,,,,,,,,,,,,,,,,,,,,,,,,,,,,,,,
2024-2025,2025-02-16,14:00,Liverpool,Wolves,2–1,Anfield,https://fbref.com/en/matches/6a917c79/Liverpool-Wolverhampton-Wanderers-February-16-2025-Premier-League,,,,,,,,,,,,,,,,,,,,,,,,,,,,,,,,,,,,,,,,,,,,,,,,,,,,,,,,,,
2024-2025,2025-02-16,16:30,Tottenham,Manchester Utd,1–0,Tottenham Hotspur Stadium,https://fbref.com/en/matches/09db2a2f/Tottenham-Hotspur-Manchester-United-February-16-2025-Premier-League,,,,,,,,,,,,,,,,,,,,,,,,,,,,,,,,,,,,,,,,,,,,,,,,,,,,,,,,,,
2024-2025,2025-02-19,19:30,Aston Villa,Liverpool,2–2,Villa Park,https://fbref.com/en/matches/39c7b656/Aston-Villa-Liverpool-February-19-2025-Premier-League,,,,,,,,,,,,,,,,,,,,,,,,,,,,,,,,,,,,,,,,,,,,,,,,,,,,,,,,,,
2024-2025,2025-02-21,20:00,Leicester City,Brentford,0–4,King Power Stadium,https://fbref.com/en/matches/da5a149a/Leicester-City-Brentford-February-21-2025-Premier-League,,,,,,,,,,,,,,,,,,,,,,,,,,,,,,,,,,,,,,,,,,,,,,,,,,,,,,,,,,
2024-2025,2025-02-22,12:30,Everton,Manchester Utd,2–2,Goodison Park,https://fbref.com/en/matches/e5b45c4d/Everton-Manchester-United-February-22-2025-Premier-League,,,,,,,,,,,,,,,,,,,,,,,,,,,,,,,,,,,,,,,,,,,,,,,,,,,,,,,,,,
2024-2025,2025-02-22,15:00,Fulham,Crystal Palace,0–2,Craven Cottage,https://fbref.com/en/matches/7289bcdf/Fulham-Crystal-Palace-February-22-2025-Premier-League,,,,,,,,,,,,,,,,,,,,,,,,,,,,,,,,,,,,,,,,,,,,,,,,,,,,,,,,,,
2024-2025,2025-02-22,15:00,Bournemouth,Wolves,0–1,Vitality Stadium,https://fbref.com/en/matches/ccdda6d3/Bournemouth-Wolverhampton-Wanderers-February-22-2025-Premier-League,,,,,,,,,,,,,,,,,,,,,,,,,,,,,,,,,,,,,,,,,,,,,,,,,,,,,,,,,,
2024-2025,2025-02-22,15:00,Ipswich Town,Tottenham,1–4,Portman Road Stadium,https://fbref.com/en/matches/7853cd1a/Ipswich-Town-Tottenham-Hotspur-February-22-2025-Premier-League,,,,,,,,,,,,,,,,,,,,,,,,,,,,,,,,,,,,,,,,,,,,,,,,,,,,,,,,,,
2024-2025,2025-02-22,15:00,Arsenal,West Ham,0–1,Emirates Stadium,https://fbref.com/en/matches/e511e91c/Arsenal-West-Ham-United-February-22-2025-Premier-League,,,,,,,,,,,,,,,,,,,,,,,,,,,,,,,,,,,,,,,,,,,,,,,,,,,,,,,,,,
2024-2025,2025-02-22,15:00,Southampton,Brighton,0–4,St Mary's Stadium,https://fbref.com/en/matches/e757bea1/Southampton-Brighton-and-Hove-Albion-February-22-2025-Premier-League,,,,,,,,,,,,,,,,,,,,,,,,,,,,,,,,,,,,,,,,,,,,,,,,,,,,,,,,,,
2024-2025,2025-02-22,17:30,Aston Villa,Chelsea,2–1,Villa Park,https://fbref.com/en/matches/5109d405/Aston-Villa-Chelsea-February-22-2025-Premier-League,,,,,,,,,,,,,,,,,,,,,,,,,,,,,,,,,,,,,,,,,,,,,,,,,,,,,,,,,,
2024-2025,2025-02-23,14:00,Newcastle Utd,Nott'ham Forest,4–3,St James' Park,https://fbref.com/en/matches/93caf0bc/Newcastle-United-Nottingham-Forest-February-23-2025-Premier-League,,,,,,,,,,,,,,,,,,,,,,,,,,,,,,,,,,,,,,,,,,,,,,,,,,,,,,,,,,
2024-2025,2025-02-23,16:30,Manchester City,Liverpool,0–2,Etihad Stadium,https://fbref.com/en/matches/e51a316b/Manchester-City-Liverpool-February-23-2025-Premier-League,,,,,,,,,,,,,,,,,,,,,,,,,,,,,,,,,,,,,,,,,,,,,,,,,,,,,,,,,,
2024-2025,2025-02-25,19:30,Brighton,Bournemouth,2–1,The American Express Stadium,https://fbref.com/en/matches/fade9277/Brighton-and-Hove-Albion-Bournemouth-February-25-2025-Premier-League,,,,,,,,,,,,,,,,,,,,,,,,,,,,,,,,,,,,,,,,,,,,,,,,,,,,,,,,,,
2024-2025,2025-02-25,19:30,Crystal Palace,Aston Villa,4–1,Selhurst Park,https://fbref.com/en/matches/0a97629a/Crystal-Palace-Aston-Villa-February-25-2025-Premier-League,,,,,,,,,,,,,,,,,,,,,,,,,,,,,,,,,,,,,,,,,,,,,,,,,,,,,,,,,,
2024-2025,2025-02-25,19:30,Wolves,Fulham,1–2,Molineux Stadium,https://fbref.com/en/matches/7aecfc4c/Wolverhampton-Wanderers-Fulham-February-25-2025-Premier-League,,,,,,,,,,,,,,,,,,,,,,,,,,,,,,,,,,,,,,,,,,,,,,,,,,,,,,,,,,
2024-2025,2025-02-25,20:15,Chelsea,Southampton,4–0,Stamford Bridge,https://fbref.com/en/matches/21d4a457/Chelsea-Southampton-February-25-2025-Premier-League,,,,,,,,,,,,,,,,,,,,,,,,,,,,,,,,,,,,,,,,,,,,,,,,,,,,,,,,,,
2024-2025,2025-02-26,19:30,Tottenham,Manchester City,0–1,Tottenham Hotspur Stadium,https://fbref.com/en/matches/3b8160bd/Tottenham-Hotspur-Manchester-City-February-26-2025-Premier-League,,,,,,,,,,,,,,,,,,,,,,,,,,,,,,,,,,,,,,,,,,,,,,,,,,,,,,,,,,
2024-2025,2025-02-26,19:30,Nott'ham Forest,Arsenal,0–0,The City Ground,https://fbref.com/en/matches/d4387bc1/Nottingham-Forest-Arsenal-February-26-2025-Premier-League,,,,,,,,,,,,,,,,,,,,,,,,,,,,,,,,,,,,,,,,,,,,,,,,,,,,,,,,,,
2024-2025,2025-02-26,19:30,Manchester Utd,Ipswich Town,3–2,Old Trafford,https://fbref.com/en/matches/bf6aa8ee/Manchester-United-Ipswich-Town-February-26-2025-Premier-League,,,,,,,,,,,,,,,,,,,,,,,,,,,,,,,,,,,,,,,,,,,,,,,,,,,,,,,,,,
2024-2025,2025-02-26,19:30,Brentford,Everton,1–1,Gtech Community Stadium,https://fbref.com/en/matches/1218933c/Brentford-Everton-February-26-2025-Premier-League,,,,,,,,,,,,,,,,,,,,,,,,,,,,,,,,,,,,,,,,,,,,,,,,,,,,,,,,,,
2024-2025,2025-02-26,20:15,Liverpool,Newcastle Utd,2–0,Anfield,https://fbref.com/en/matches/a0975f8c/Liverpool-Newcastle-United-February-26-2025-Premier-League,,,,,,,,,,,,,,,,,,,,,,,,,,,,,,,,,,,,,,,,,,,,,,,,,,,,,,,,,,
2024-2025,2025-02-27,20:00,West Ham,Leicester City,2–0,London Stadium,https://fbref.com/en/matches/08b1b7de/West-Ham-United-Leicester-City-February-27-2025-Premier-League,,,,,,,,,,,,,,,,,,,,,,,,,,,,,,,,,,,,,,,,,,,,,,,,,,,,,,,,,,
2024-2025,2025-03-08,12:30,Nott'ham Forest,Manchester City,1–0,The City Ground,https://fbref.com/en/matches/d53c0405/Nottingham-Forest-Manchester-City-March-8-2025-Premier-League,,,,,,,,,,,,,,,,,,,,,,,,,,,,,,,,,,,,,,,,,,,,,,,,,,,,,,,,,,
2024-2025,2025-03-08,15:00,Liverpool,Southampton,3–1,Anfield,https://fbref.com/en/matches/049341ab/Liverpool-Southampton-March-8-2025-Premier-League,,,,,,,,,,,,,,,,,,,,,,,,,,,,,,,,,,,,,,,,,,,,,,,,,,,,,,,,,,
2024-2025,2025-03-08,15:00,Brighton,Fulham,2–1,The American Express Stadium,https://fbref.com/en/matches/fb4bb61d/Brighton-and-Hove-Albion-Fulham-March-8-2025-Premier-League,,,,,,,,,,,,,,,,,,,,,,,,,,,,,,,,,,,,,,,,,,,,,,,,,,,,,,,,,,
2024-2025,2025-03-08,15:00,Crystal Palace,Ipswich Town,1–0,Selhurst Park,https://fbref.com/en/matches/b1ad79e4/Crystal-Palace-Ipswich-Town-March-8-2025-Premier-League,,,,,,,,,,,,,,,,,,,,,,,,,,,,,,,,,,,,,,,,,,,,,,,,,,,,,,,,,,
2024-2025,2025-03-08,17:30,Brentford,Aston Villa,0–1,Gtech Community Stadium,https://fbref.com/en/matches/fb9126ab/Brentford-Aston-Villa-March-8-2025-Premier-League,,,,,,,,,,,,,,,,,,,,,,,,,,,,,,,,,,,,,,,,,,,,,,,,,,,,,,,,,,
2024-2025,2025-03-08,20:00,Wolves,Everton,1–1,Molineux Stadium,https://fbref.com/en/matches/2ac7408b/Wolverhampton-Wanderers-Everton-March-8-2025-Premier-League,,,,,,,,,,,,,,,,,,,,,,,,,,,,,,,,,,,,,,,,,,,,,,,,,,,,,,,,,,
2024-2025,2025-03-09,14:00,Chelsea,Leicester City,1–0,Stamford Bridge,https://fbref.com/en/matches/236640be/Chelsea-Leicester-City-March-9-2025-Premier-League,,,,,,,,,,,,,,,,,,,,,,,,,,,,,,,,,,,,,,,,,,,,,,,,,,,,,,,,,,
2024-2025,2025-03-09,14:00,Tottenham,Bournemouth,2–2,Tottenham Hotspur Stadium,https://fbref.com/en/matches/81575514/Tottenham-Hotspur-Bournemouth-March-9-2025-Premier-League,,,,,,,,,,,,,,,,,,,,,,,,,,,,,,,,,,,,,,,,,,,,,,,,,,,,,,,,,,
2024-2025,2025-03-09,16:30,Manchester Utd,Arsenal,1–1,Old Trafford,https://fbref.com/en/matches/8efec987/Manchester-United-Arsenal-March-9-2025-Premier-League,,,,,,,,,,,,,,,,,,,,,,,,,,,,,,,,,,,,,,,,,,,,,,,,,,,,,,,,,,
2024-2025,2025-03-10,20:00,West Ham,Newcastle Utd,0–1,London Stadium,https://fbref.com/en/matches/61ad9d6a/West-Ham-United-Newcastle-United-March-10-2025-Premier-League,,,,,,,,,,,,,,,,,,,,,,,,,,,,,,,,,,,,,,,,,,,,,,,,,,,,,,,,,,
2024-2025,2025-03-15,15:00,Everton,West Ham,1–1,Goodison Park,https://fbref.com/en/matches/d4bd829f/Everton-West-Ham-United-March-15-2025-Premier-League,,,,,,,,,,,,,,,,,,,,,,,,,,,,,,,,,,,,,,,,,,,,,,,,,,,,,,,,,,
2024-2025,2025-03-15,15:00,Southampton,Wolves,1–2,St Mary's Stadium,https://fbref.com/en/matches/eea61e7f/Southampton-Wolverhampton-Wanderers-March-15-2025-Premier-League,,,,,,,,,,,,,,,,,,,,,,,,,,,,,,,,,,,,,,,,,,,,,,,,,,,,,,,,,,
2024-2025,2025-03-15,15:00,Ipswich Town,Nott'ham Forest,2–4,Portman Road Stadium,https://fbref.com/en/matches/a44e04e9/Ipswich-Town-Nottingham-Forest-March-15-2025-Premier-League,,,,,,,,,,,,,,,,,,,,,,,,,,,,,,,,,,,,,,,,,,,,,,,,,,,,,,,,,,
2024-2025,2025-03-15,15:00,Manchester City,Brighton,2–2,Etihad Stadium,https://fbref.com/en/matches/83fc3d29/Manchester-City-Brighton-and-Hove-Albion-March-15-2025-Premier-League,,,,,,,,,,,,,,,,,,,,,,,,,,,,,,,,,,,,,,,,,,,,,,,,,,,,,,,,,,
2024-2025,2025-03-15,17:30,Bournemouth,Brentford,1–2,Vitality Stadium,https://fbref.com/en/matches/f3480c01/Bournemouth-Brentford-March-15-2025-Premier-League,,,,,,,,,,,,,,,,,,,,,,,,,,,,,,,,,,,,,,,,,,,,,,,,,,,,,,,,,,
2024-2025,2025-03-16,13:30,Arsenal,Chelsea,1–0,Emirates Stadium,https://fbref.com/en/matches/22de525d/North-West-London-Derby-Arsenal-Chelsea-March-16-2025-Premier-League,,,,,,,,,,,,,,,,,,,,,,,,,,,,,,,,,,,,,,,,,,,,,,,,,,,,,,,,,,
2024-2025,2025-03-16,13:30,Fulham,Tottenham,2–0,Craven Cottage,https://fbref.com/en/matches/61428001/Fulham-Tottenham-Hotspur-March-16-2025-Premier-League,,,,,,,,,,,,,,,,,,,,,,,,,,,,,,,,,,,,,,,,,,,,,,,,,,,,,,,,,,
2024-2025,2025-03-16,19:00,Leicester City,Manchester Utd,0–3,King Power Stadium,https://fbref.com/en/matches/7bab156e/Leicester-City-Manchester-United-March-16-2025-Premier-League,,,,,,,,,,,,,,,,,,,,,,,,,,,,,,,,,,,,,,,,,,,,,,,,,,,,,,,,,,
2024-2025,2025-04-01,19:45,Arsenal,Fulham,2–1,Emirates Stadium,https://fbref.com/en/matches/777d595c/Arsenal-Fulham-April-1-2025-Premier-League,,,,,,,,,,,,,,,,,,,,,,,,,,,,,,,,,,,,,,,,,,,,,,,,,,,,,,,,,,
2024-2025,2025-04-01,19:45,Wolves,West Ham,1–0,Molineux Stadium,https://fbref.com/en/matches/6e6e9d8b/Wolverhampton-Wanderers-West-Ham-United-April-1-2025-Premier-League,,,,,,,,,,,,,,,,,,,,,,,,,,,,,,,,,,,,,,,,,,,,,,,,,,,,,,,,,,
2024-2025,2025-04-01,20:00,Nott'ham Forest,Manchester Utd,1–0,The City Ground,https://fbref.com/en/matches/9f8a856e/Nottingham-Forest-Manchester-United-April-1-2025-Premier-League,,,,,,,,,,,,,,,,,,,,,,,,,,,,,,,,,,,,,,,,,,,,,,,,,,,,,,,,,,
2024-2025,2025-04-02,19:45,Newcastle Utd,Brentford,2–1,St James' Park,https://fbref.com/en/matches/e202c3b7/Newcastle-United-Brentford-April-2-2025-Premier-League,,,,,,,,,,,,,,,,,,,,,,,,,,,,,,,,,,,,,,,,,,,,,,,,,,,,,,,,,,
2024-2025,2025-04-02,19:45,Manchester City,Leicester City,2–0,Etihad Stadium,https://fbref.com/en/matches/464a9c6c/Manchester-City-Leicester-City-April-2-2025-Premier-League,,,,,,,,,,,,,,,,,,,,,,,,,,,,,,,,,,,,,,,,,,,,,,,,,,,,,,,,,,
2024-2025,2025-04-02,19:45,Southampton,Crystal Palace,1–1,St Mary's Stadium,https://fbref.com/en/matches/1c75bcda/Southampton-Crystal-Palace-April-2-2025-Premier-League,,,,,,,,,,,,,,,,,,,,,,,,,,,,,,,,,,,,,,,,,,,,,,,,,,,,,,,,,,
2024-2025,2025-04-02,19:45,Bournemouth,Ipswich Town,1–2,Vitality Stadium,https://fbref.com/en/matches/19c54be2/Bournemouth-Ipswich-Town-April-2-2025-Premier-League,,,,,,,,,,,,,,,,,,,,,,,,,,,,,,,,,,,,,,,,,,,,,,,,,,,,,,,,,,
2024-2025,2025-04-02,19:45,Brighton,Aston Villa,0–3,The American Express Stadium,https://fbref.com/en/matches/158e64b3/Brighton-and-Hove-Albion-Aston-Villa-April-2-2025-Premier-League,,,,,,,,,,,,,,,,,,,,,,,,,,,,,,,,,,,,,,,,,,,,,,,,,,,,,,,,,,
2024-2025,2025-04-02,20:00,Liverpool,Everton,1–0,Anfield,https://fbref.com/en/matches/7e2a8ebe/Merseyside-Derby-Liverpool-Everton-April-2-2025-Premier-League,,,,,,,,,,,,,,,,,,,,,,,,,,,,,,,,,,,,,,,,,,,,,,,,,,,,,,,,,,
2024-2025,2025-04-03,20:00,Chelsea,Tottenham,1–0,Stamford Bridge,https://fbref.com/en/matches/33e26065/Chelsea-Tottenham-Hotspur-April-3-2025-Premier-League,,,,,,,,,,,,,,,,,,,,,,,,,,,,,,,,,,,,,,,,,,,,,,,,,,,,,,,,,,
2024-2025,2025-04-05,12:30,Everton,Arsenal,1–1,Goodison Park,https://fbref.com/en/matches/8a72e3dc/Everton-Arsenal-April-5-2025-Premier-League,,,,,,,,,,,,,,,,,,,,,,,,,,,,,,,,,,,,,,,,,,,,,,,,,,,,,,,,,,
2024-2025,2025-04-05,15:00,Crystal Palace,Brighton,2–1,Selhurst Park,https://fbref.com/en/matches/e9cb51b4/Crystal-Palace-Brighton-and-Hove-Albion-April-5-2025-Premier-League,,,,,,,,,,,,,,,,,,,,,,,,,,,,,,,,,,,,,,,,,,,,,,,,,,,,,,,,,,
2024-2025,2025-04-05,15:00,Ipswich Town,Wolves,1–2,Portman Road Stadium,https://fbref.com/en/matches/b6f200da/Ipswich-Town-Wolverhampton-Wanderers-April-5-2025-Premier-League,,,,,,,,,,,,,,,,,,,,,,,,,,,,,,,,,,,,,,,,,,,,,,,,,,,,,,,,,,
2024-2025,2025-04-05,15:00,West Ham,Bournemouth,2–2,London Stadium,https://fbref.com/en/matches/3812dc28/West-Ham-United-Bournemouth-April-5-2025-Premier-League,,,,,,,,,,,,,,,,,,,,,,,,,,,,,,,,,,,,,,,,,,,,,,,,,,,,,,,,,,
2024-2025,2025-04-05,17:30,Aston Villa,Nott'ham Forest,2–1,Villa Park,https://fbref.com/en/matches/7b024699/Aston-Villa-Nottingham-Forest-April-5-2025-Premier-League,,,,,,,,,,,,,,,,,,,,,,,,,,,,,,,,,,,,,,,,,,,,,,,,,,,,,,,,,,
2024-2025,2025-04-06,14:00,Fulham,Liverpool,3–2,Craven Cottage,https://fbref.com/en/matches/b34400d3/Fulham-Liverpool-April-6-2025-Premier-League,,,,,,,,,,,,,,,,,,,,,,,,,,,,,,,,,,,,,,,,,,,,,,,,,,,,,,,,,,
2024-2025,2025-04-06,14:00,Brentford,Chelsea,0–0,Gtech Community Stadium,https://fbref.com/en/matches/5984e216/Brentford-Chelsea-April-6-2025-Premier-League,,,,,,,,,,,,,,,,,,,,,,,,,,,,,,,,,,,,,,,,,,,,,,,,,,,,,,,,,,
2024-2025,2025-04-06,14:00,Tottenham,Southampton,3–1,Tottenham Hotspur Stadium,https://fbref.com/en/matches/f671e515/Tottenham-Hotspur-Southampton-April-6-2025-Premier-League,,,,,,,,,,,,,,,,,,,,,,,,,,,,,,,,,,,,,,,,,,,,,,,,,,,,,,,,,,
2024-2025,2025-04-06,16:30,Manchester Utd,Manchester City,0–0,Old Trafford,https://fbref.com/en/matches/53e359bb/Manchester-Derby-Manchester-United-Manchester-City-April-6-2025-Premier-League,,,,,,,,,,,,,,,,,,,,,,,,,,,,,,,,,,,,,,,,,,,,,,,,,,,,,,,,,,
2024-2025,2025-04-07,20:00,Leicester City,Newcastle Utd,0–3,King Power Stadium,https://fbref.com/en/matches/d8efb6cc/Leicester-City-Newcastle-United-April-7-2025-Premier-League,,,,,,,,,,,,,,,,,,,,,,,,,,,,,,,,,,,,,,,,,,,,,,,,,,,,,,,,,,
2024-2025,2025-04-12,12:30,Manchester City,Crystal Palace,5–2,Etihad Stadium,https://fbref.com/en/matches/7be33a60/Manchester-City-Crystal-Palace-April-12-2025-Premier-League,,,,,,,,,,,,,,,,,,,,,,,,,,,,,,,,,,,,,,,,,,,,,,,,,,,,,,,,,,
2024-2025,2025-04-12,15:00,Brighton,Leicester City,2–2,The American Express Stadium,https://fbref.com/en/matches/6c4e0e71/Brighton-and-Hove-Albion-Leicester-City-April-12-2025-Premier-League,,,,,,,,,,,,,,,,,,,,,,,,,,,,,,,,,,,,,,,,,,,,,,,,,,,,,,,,,,
2024-2025,2025-04-12,15:00,Southampton,Aston Villa,0–3,St Mary's Stadium,https://fbref.com/en/matches/eb58af0b/Southampton-Aston-Villa-April-12-2025-Premier-League,,,,,,,,,,,,,,,,,,,,,,,,,,,,,,,,,,,,,,,,,,,,,,,,,,,,,,,,,,
2024-2025,2025-04-12,15:00,Nott'ham Forest,Everton,0–1,The City Ground,https://fbref.com/en/matches/83138c75/Nottingham-Forest-Everton-April-12-2025-Premier-League,,,,,,,,,,,,,,,,,,,,,,,,,,,,,,,,,,,,,,,,,,,,,,,,,,,,,,,,,,
2024-2025,2025-04-12,17:30,Arsenal,Brentford,1–1,Emirates Stadium,https://fbref.com/en/matches/471d2141/Arsenal-Brentford-April-12-2025-Premier-League,,,,,,,,,,,,,,,,,,,,,,,,,,,,,,,,,,,,,,,,,,,,,,,,,,,,,,,,,,
2024-2025,2025-04-13,14:00,Liverpool,West Ham,2–1,Anfield,https://fbref.com/en/matches/4975981b/Liverpool-West-Ham-United-April-13-2025-Premier-League,,,,,,,,,,,,,,,,,,,,,,,,,,,,,,,,,,,,,,,,,,,,,,,,,,,,,,,,,,
2024-2025,2025-04-13,14:00,Chelsea,Ipswich Town,2–2,Stamford Bridge,https://fbref.com/en/matches/a45626b5/Chelsea-Ipswich-Town-April-13-2025-Premier-League,,,,,,,,,,,,,,,,,,,,,,,,,,,,,,,,,,,,,,,,,,,,,,,,,,,,,,,,,,
2024-2025,2025-04-13,14:00,Wolves,Tottenham,4–2,Molineux Stadium,https://fbref.com/en/matches/5a44bda9/Wolverhampton-Wanderers-Tottenham-Hotspur-April-13-2025-Premier-League,,,,,,,,,,,,,,,,,,,,,,,,,,,,,,,,,,,,,,,,,,,,,,,,,,,,,,,,,,
2024-2025,2025-04-13,16:30,Newcastle Utd,Manchester Utd,4–1,St James' Park,https://fbref.com/en/matches/4254acea/Newcastle-United-Manchester-United-April-13-2025-Premier-League,,,,,,,,,,,,,,,,,,,,,,,,,,,,,,,,,,,,,,,,,,,,,,,,,,,,,,,,,,
2024-2025,2025-04-14,20:00,Bournemouth,Fulham,1–0,Vitality Stadium,https://fbref.com/en/matches/12ecaa9f/Bournemouth-Fulham-April-14-2025-Premier-League,,,,,,,,,,,,,,,,,,,,,,,,,,,,,,,,,,,,,,,,,,,,,,,,,,,,,,,,,,
2024-2025,2025-04-16,19:30,Newcastle Utd,Crystal Palace,5–0,St James' Park,https://fbref.com/en/matches/6e87f6cf/Newcastle-United-Crystal-Palace-April-16-2025-Premier-League,,,,,,,,,,,,,,,,,,,,,,,,,,,,,,,,,,,,,,,,,,,,,,,,,,,,,,,,,,
2024-2025,2025-04-19,15:00,Everton,Manchester City,0–2,Goodison Park,https://fbref.com/en/matches/a95e25da/Everton-Manchester-City-April-19-2025-Premier-League,,,,,,,,,,,,,,,,,,,,,,,,,,,,,,,,,,,,,,,,,,,,,,,,,,,,,,,,,,
2024-2025,2025-04-19,15:00,West Ham,Southampton,1–1,London Stadium,https://fbref.com/en/matches/8d613b28/West-Ham-United-Southampton-April-19-2025-Premier-League,,,,,,,,,,,,,,,,,,,,,,,,,,,,,,,,,,,,,,,,,,,,,,,,,,,,,,,,,,
2024-2025,2025-04-19,15:00,Crystal Palace,Bournemouth,0–0,Selhurst Park,https://fbref.com/en/matches/9d095ebf/Crystal-Palace-Bournemouth-April-19-2025-Premier-League,,,,,,,,,,,,,,,,,,,,,,,,,,,,,,,,,,,,,,,,,,,,,,,,,,,,,,,,,,
2024-2025,2025-04-19,15:00,Brentford,Brighton,4–2,Gtech Community Stadium,https://fbref.com/en/matches/36afccb6/Brentford-Brighton-and-Hove-Albion-April-19-2025-Premier-League,,,,,,,,,,,,,,,,,,,,,,,,,,,,,,,,,,,,,,,,,,,,,,,,,,,,,,,,,,
2024-2025,2025-04-19,17:30,Aston Villa,Newcastle Utd,4–1,Villa Park,https://fbref.com/en/matches/45a3960e/Aston-Villa-Newcastle-United-April-19-2025-Premier-League,,,,,,,,,,,,,,,,,,,,,,,,,,,,,,,,,,,,,,,,,,,,,,,,,,,,,,,,,,
2024-2025,2025-04-20,14:00,Fulham,Chelsea,1–2,Craven Cottage,https://fbref.com/en/matches/aaac9748/Fulham-Chelsea-April-20-2025-Premier-League,,,,,,,,,,,,,,,,,,,,,,,,,,,,,,,,,,,,,,,,,,,,,,,,,,,,,,,,,,
2024-2025,2025-04-20,14:00,Ipswich Town,Arsenal,0–4,Portman Road Stadium,https://fbref.com/en/matches/2b599f1a/Ipswich-Town-Arsenal-April-20-2025-Premier-League,,,,,,,,,,,,,,,,,,,,,,,,,,,,,,,,,,,,,,,,,,,,,,,,,,,,,,,,,,
2024-2025,2025-04-20,14:00,Manchester Utd,Wolves,0–1,Old Trafford,https://fbref.com/en/matches/e50fd749/Manchester-United-Wolverhampton-Wanderers-April-20-2025-Premier-League,,,,,,,,,,,,,,,,,,,,,,,,,,,,,,,,,,,,,,,,,,,,,,,,,,,,,,,,,,
2024-2025,2025-04-20,16:30,Leicester City,Liverpool,0–1,King Power Stadium,https://fbref.com/en/matches/0a2030a0/Leicester-City-Liverpool-April-20-2025-Premier-League,,,,,,,,,,,,,,,,,,,,,,,,,,,,,,,,,,,,,,,,,,,,,,,,,,,,,,,,,,
2024-2025,2025-04-21,20:00,Tottenham,Nott'ham Forest,1–2,Tottenham Hotspur Stadium,https://fbref.com/en/matches/708743bf/Tottenham-Hotspur-Nottingham-Forest-April-21-2025-Premier-League,,,,,,,,,,,,,,,,,,,,,,,,,,,,,,,,,,,,,,,,,,,,,,,,,,,,,,,,,,
2024-2025,2025-04-22,20:00,Manchester City,Aston Villa,2–1,Etihad Stadium,https://fbref.com/en/matches/3de68b91/Manchester-City-Aston-Villa-April-22-2025-Premier-League,,,,,,,,,,,,,,,,,,,,,,,,,,,,,,,,,,,,,,,,,,,,,,,,,,,,,,,,,,
2024-2025,2025-04-23,20:00,Arsenal,Crystal Palace,2–2,Emirates Stadium,https://fbref.com/en/matches/67651145/Arsenal-Crystal-Palace-April-23-2025-Premier-League,,,,,,,,,,,,,,,,,,,,,,,,,,,,,,,,,,,,,,,,,,,,,,,,,,,,,,,,,,
2024-2025,2025-04-26,12:30,Chelsea,Everton,1–0,Stamford Bridge,https://fbref.com/en/matches/06c5f0ab/Chelsea-Everton-April-26-2025-Premier-League,,,,,,,,,,,,,,,,,,,,,,,,,,,,,,,,,,,,,,,,,,,,,,,,,,,,,,,,,,
2024-2025,2025-04-26,15:00,Brighton,West Ham,3–2,The American Express Stadium,https://fbref.com/en/matches/e1669507/Brighton-and-Hove-Albion-West-Ham-United-April-26-2025-Premier-League,,,,,,,,,,,,,,,,,,,,,,,,,,,,,,,,,,,,,,,,,,,,,,,,,,,,,,,,,,
2024-2025,2025-04-26,15:00,Wolves,Leicester City,3–0,Molineux Stadium,https://fbref.com/en/matches/1ced4069/Wolverhampton-Wanderers-Leicester-City-April-26-2025-Premier-League,,,,,,,,,,,,,,,,,,,,,,,,,,,,,,,,,,,,,,,,,,,,,,,,,,,,,,,,,,
2024-2025,2025-04-26,15:00,Southampton,Fulham,1–2,St Mary's Stadium,https://fbref.com/en/matches/9c6532bc/Southampton-Fulham-April-26-2025-Premier-League,,,,,,,,,,,,,,,,,,,,,,,,,,,,,,,,,,,,,,,,,,,,,,,,,,,,,,,,,,
2024-2025,2025-04-26,15:00,Newcastle Utd,Ipswich Town,3–0,St James' Park,https://fbref.com/en/matches/3402b61b/Newcastle-United-Ipswich-Town-April-26-2025-Premier-League,,,,,,,,,,,,,,,,,,,,,,,,,,,,,,,,,,,,,,,,,,,,,,,,,,,,,,,,,,
2024-2025,2025-04-27,14:00,Bournemouth,Manchester Utd,1–1,Vitality Stadium,https://fbref.com/en/matches/81b6c6b4/Bournemouth-Manchester-United-April-27-2025-Premier-League,,,,,,,,,,,,,,,,,,,,,,,,,,,,,,,,,,,,,,,,,,,,,,,,,,,,,,,,,,
2024-2025,2025-04-27,16:30,Liverpool,Tottenham,5–1,Anfield,https://fbref.com/en/matches/64bc833f/Liverpool-Tottenham-Hotspur-April-27-2025-Premier-League,,,,,,,,,,,,,,,,,,,,,,,,,,,,,,,,,,,,,,,,,,,,,,,,,,,,,,,,,,
2024-2025,2025-05-01,19:30,Nott'ham Forest,Brentford,0–2,The City Ground,https://fbref.com/en/matches/a896a308/Nottingham-Forest-Brentford-May-1-2025-Premier-League,,,,,,,,,,,,,,,,,,,,,,,,,,,,,,,,,,,,,,,,,,,,,,,,,,,,,,,,,,
2024-2025,2025-05-02,20:00,Manchester City,Wolves,1–0,Etihad Stadium,https://fbref.com/en/matches/6a433468/Manchester-City-Wolverhampton-Wanderers-May-2-2025-Premier-League,,,,,,,,,,,,,,,,,,,,,,,,,,,,,,,,,,,,,,,,,,,,,,,,,,,,,,,,,,
2024-2025,2025-05-03,12:30,Aston Villa,Fulham,1–0,Villa Park,https://fbref.com/en/matches/d8e391ab/Aston-Villa-Fulham-May-3-2025-Premier-League,,,,,,,,,,,,,,,,,,,,,,,,,,,,,,,,,,,,,,,,,,,,,,,,,,,,,,,,,,
2024-2025,2025-05-03,15:00,Leicester City,Southampton,2–0,King Power Stadium,https://fbref.com/en/matches/e89fe486/Leicester-City-Southampton-May-3-2025-Premier-League,,,,,,,,,,,,,,,,,,,,,,,,,,,,,,,,,,,,,,,,,,,,,,,,,,,,,,,,,,
2024-2025,2025-05-03,15:00,Everton,Ipswich Town,2–2,Goodison Park,https://fbref.com/en/matches/b93c98b0/Everton-Ipswich-Town-May-3-2025-Premier-League,,,,,,,,,,,,,,,,,,,,,,,,,,,,,,,,,,,,,,,,,,,,,,,,,,,,,,,,,,
2024-2025,2025-05-03,17:30,Arsenal,Bournemouth,1–2,Emirates Stadium,https://fbref.com/en/matches/ad3827f3/Arsenal-Bournemouth-May-3-2025-Premier-League,,,,,,,,,,,,,,,,,,,,,,,,,,,,,,,,,,,,,,,,,,,,,,,,,,,,,,,,,,
2024-2025,2025-05-04,14:00,Brighton,Newcastle Utd,1–1,The American Express Stadium,https://fbref.com/en/matches/e09b4b94/Brighton-and-Hove-Albion-Newcastle-United-May-4-2025-Premier-League,,,,,,,,,,,,,,,,,,,,,,,,,,,,,,,,,,,,,,,,,,,,,,,,,,,,,,,,,,
2024-2025,2025-05-04,14:00,West Ham,Tottenham,1–1,London Stadium,https://fbref.com/en/matches/70dcad6e/West-Ham-United-Tottenham-Hotspur-May-4-2025-Premier-League,,,,,,,,,,,,,,,,,,,,,,,,,,,,,,,,,,,,,,,,,,,,,,,,,,,,,,,,,,
2024-2025,2025-05-04,14:00,Brentford,Manchester Utd,4–3,Gtech Community Stadium,https://fbref.com/en/matches/29dbd7d1/Brentford-Manchester-United-May-4-2025-Premier-League,,,,,,,,,,,,,,,,,,,,,,,,,,,,,,,,,,,,,,,,,,,,,,,,,,,,,,,,,,
2024-2025,2025-05-04,16:30,Chelsea,Liverpool,3–1,Stamford Bridge,https://fbref.com/en/matches/157740ee/Chelsea-Liverpool-May-4-2025-Premier-League,,,,,,,,,,,,,,,,,,,,,,,,,,,,,,,,,,,,,,,,,,,,,,,,,,,,,,,,,,
2024-2025,2025-05-05,20:00,Crystal Palace,Nott'ham Forest,1–1,Selhurst Park,https://fbref.com/en/matches/89cb2963/Crystal-Palace-Nottingham-Forest-May-5-2025-Premier-League,,,,,,,,,,,,,,,,,,,,,,,,,,,,,,,,,,,,,,,,,,,,,,,,,,,,,,,,,,
2024-2025,2025-05-10,15:00,Ipswich Town,Brentford,0–1,Portman Road Stadium,https://fbref.com/en/matches/ea2685e0/Ipswich-Town-Brentford-May-10-2025-Premier-League,,,,,,,,,,,,,,,,,,,,,,,,,,,,,,,,,,,,,,,,,,,,,,,,,,,,,,,,,,
2024-2025,2025-05-10,15:00,Fulham,Everton,1–3,Craven Cottage,https://fbref.com/en/matches/a637fb4e/Fulham-Everton-May-10-2025-Premier-League,,,,,,,,,,,,,,,,,,,,,,,,,,,,,,,,,,,,,,,,,,,,,,,,,,,,,,,,,,
2024-2025,2025-05-10,15:00,Wolves,Brighton,0–2,Molineux Stadium,https://fbref.com/en/matches/f1bf04cb/Wolverhampton-Wanderers-Brighton-and-Hove-Albion-May-10-2025-Premier-League,,,,,,,,,,,,,,,,,,,,,,,,,,,,,,,,,,,,,,,,,,,,,,,,,,,,,,,,,,
2024-2025,2025-05-10,15:00,Southampton,Manchester City,0–0,St Mary's Stadium,https://fbref.com/en/matches/35a46606/Southampton-Manchester-City-May-10-2025-Premier-League,,,,,,,,,,,,,,,,,,,,,,,,,,,,,,,,,,,,,,,,,,,,,,,,,,,,,,,,,,
2024-2025,2025-05-10,17:30,Bournemouth,Aston Villa,0–1,Vitality Stadium,https://fbref.com/en/matches/dd48659a/Bournemouth-Aston-Villa-May-10-2025-Premier-League,,,,,,,,,,,,,,,,,,,,,,,,,,,,,,,,,,,,,,,,,,,,,,,,,,,,,,,,,,
2024-2025,2025-05-11,12:00,Newcastle Utd,Chelsea,2–0,St James' Park,https://fbref.com/en/matches/b409de42/Newcastle-United-Chelsea-May-11-2025-Premier-League,,,,,,,,,,,,,,,,,,,,,,,,,,,,,,,,,,,,,,,,,,,,,,,,,,,,,,,,,,
2024-2025,2025-05-11,14:15,Nott'ham Forest,Leicester City,2–2,The City Ground,https://fbref.com/en/matches/c3e242fc/Nottingham-Forest-Leicester-City-May-11-2025-Premier-League,,,,,,,,,,,,,,,,,,,,,,,,,,,,,,,,,,,,,,,,,,,,,,,,,,,,,,,,,,
2024-2025,2025-05-11,14:15,Tottenham,Crystal Palace,0–2,Tottenham Hotspur Stadium,https://fbref.com/en/matches/a442e11f/Tottenham-Hotspur-Crystal-Palace-May-11-2025-Premier-League,,,,,,,,,,,,,,,,,,,,,,,,,,,,,,,,,,,,,,,,,,,,,,,,,,,,,,,,,,
2024-2025,2025-05-11,14:15,Manchester Utd,West Ham,0–2,Old Trafford,https://fbref.com/en/matches/c4548397/Manchester-United-West-Ham-United-May-11-2025-Premier-League,,,,,,,,,,,,,,,,,,,,,,,,,,,,,,,,,,,,,,,,,,,,,,,,,,,,,,,,,,
2024-2025,2025-05-11,16:30,Liverpool,Arsenal,2–2,Anfield,https://fbref.com/en/matches/0dc9bdd9/Liverpool-Arsenal-May-11-2025-Premier-League,,,,,,,,,,,,,,,,,,,,,,,,,,,,,,,,,,,,,,,,,,,,,,,,,,,,,,,,,,
2024-2025,2025-05-16,19:30,Aston Villa,Tottenham,2–0,Villa Park,https://fbref.com/en/matches/b2651680/Aston-Villa-Tottenham-Hotspur-May-16-2025-Premier-League,,,,,,,,,,,,,,,,,,,,,,,,,,,,,,,,,,,,,,,,,,,,,,,,,,,,,,,,,,
2024-2025,2025-05-16,20:15,Chelsea,Manchester Utd,1–0,Stamford Bridge,https://fbref.com/en/matches/c95dd208/Chelsea-Manchester-United-May-16-2025-Premier-League,,,,,,,,,,,,,,,,,,,,,,,,,,,,,,,,,,,,,,,,,,,,,,,,,,,,,,,,,,
2024-2025,2025-05-18,12:00,Everton,Southampton,2–0,Goodison Park,https://fbref.com/en/matches/9e338dfb/Everton-Southampton-May-18-2025-Premier-League,,,,,,,,,,,,,,,,,,,,,,,,,,,,,,,,,,,,,,,,,,,,,,,,,,,,,,,,,,
2024-2025,2025-05-18,14:15,West Ham,Nott'ham Forest,1–2,London Stadium,https://fbref.com/en/matches/79180ca6/West-Ham-United-Nottingham-Forest-May-18-2025-Premier-League,,,,,,,,,,,,,,,,,,,,,,,,,,,,,,,,,,,,,,,,,,,,,,,,,,,,,,,,,,
2024-2025,2025-05-18,15:00,Brentford,Fulham,2–3,Gtech Community Stadium,https://fbref.com/en/matches/064e6a34/Brentford-Fulham-May-18-2025-Premier-League,,,,,,,,,,,,,,,,,,,,,,,,,,,,,,,,,,,,,,,,,,,,,,,,,,,,,,,,,,
2024-2025,2025-05-18,15:00,Leicester City,Ipswich Town,2–0,King Power Stadium,https://fbref.com/en/matches/20b5a00b/Leicester-City-Ipswich-Town-May-18-2025-Premier-League,,,,,,,,,,,,,,,,,,,,,,,,,,,,,,,,,,,,,,,,,,,,,,,,,,,,,,,,,,
2024-2025,2025-05-18,16:30,Arsenal,Newcastle Utd,1–0,Emirates Stadium,https://fbref.com/en/matches/0a51acae/Arsenal-Newcastle-United-May-18-2025-Premier-League,,,,,,,,,,,,,,,,,,,,,,,,,,,,,,,,,,,,,,,,,,,,,,,,,,,,,,,,,,
2024-2025,2025-05-19,20:00,Brighton,Liverpool,3–2,The American Express Stadium,https://fbref.com/en/matches/1f3db37a/Brighton-and-Hove-Albion-Liverpool-May-19-2025-Premier-League,,,,,,,,,,,,,,,,,,,,,,,,,,,,,,,,,,,,,,,,,,,,,,,,,,,,,,,,,,
2024-2025,2025-05-20,20:00,Manchester City,Bournemouth,3–1,Etihad Stadium,https://fbref.com/en/matches/e5e516e9/Manchester-City-Bournemouth-May-20-2025-Premier-League,,,,,,,,,,,,,,,,,,,,,,,,,,,,,,,,,,,,,,,,,,,,,,,,,,,,,,,,,,
2024-2025,2025-05-20,20:00,Crystal Palace,Wolves,4–2,Selhurst Park,https://fbref.com/en/matches/f85454d3/Crystal-Palace-Wolverhampton-Wanderers-May-20-2025-Premier-League,,,,,,,,,,,,,,,,,,,,,,,,,,,,,,,,,,,,,,,,,,,,,,,,,,,,,,,,,,
2024-2025,2025-05-25,16:00,Manchester Utd,Aston Villa,2–0,Old Trafford,https://fbref.com/en/matches/7ea43929/Manchester-United-Aston-Villa-May-25-2025-Premier-League,,,,,,,,,,,,,,,,,,,,,,,,,,,,,,,,,,,,,,,,,,,,,,,,,,,,,,,,,,
2024-2025,2025-05-25,16:00,Ipswich Town,West Ham,1–3,Portman Road Stadium,https://fbref.com/en/matches/15559cff/Ipswich-Town-West-Ham-United-May-25-2025-Premier-League,,,,,,,,,,,,,,,,,,,,,,,,,,,,,,,,,,,,,,,,,,,,,,,,,,,,,,,,,,
2024-2025,2025-05-25,16:00,Wolves,Brentford,1–1,Molineux Stadium,https://fbref.com/en/matches/812ef8ad/Wolverhampton-Wanderers-Brentford-May-25-2025-Premier-League,,,,,,,,,,,,,,,,,,,,,,,,,,,,,,,,,,,,,,,,,,,,,,,,,,,,,,,,,,
2024-2025,2025-05-25,16:00,Southampton,Arsenal,1–2,St Mary's Stadium,https://fbref.com/en/matches/01d155b4/Southampton-Arsenal-May-25-2025-Premier-League,,,,,,,,,,,,,,,,,,,,,,,,,,,,,,,,,,,,,,,,,,,,,,,,,,,,,,,,,,
2024-2025,2025-05-25,16:00,Liverpool,Crystal Palace,1–1,Anfield,https://fbref.com/en/matches/0958eb7a/Liverpool-Crystal-Palace-May-25-2025-Premier-League,,,,,,,,,,,,,,,,,,,,,,,,,,,,,,,,,,,,,,,,,,,,,,,,,,,,,,,,,,
2024-2025,2025-05-25,16:00,Nott'ham Forest,Chelsea,0–1,The City Ground,https://fbref.com/en/matches/464cbad6/Nottingham-Forest-Chelsea-May-25-2025-Premier-League,,,,,,,,,,,,,,,,,,,,,,,,,,,,,,,,,,,,,,,,,,,,,,,,,,,,,,,,,,
2024-2025,2025-05-25,16:00,Fulham,Manchester City,0–2,Craven Cottage,https://fbref.com/en/matches/3d22336e/Fulham-Manchester-City-May-25-2025-Premier-League,,,,,,,,,,,,,,,,,,,,,,,,,,,,,,,,,,,,,,,,,,,,,,,,,,,,,,,,,,
2024-2025,2025-05-25,16:00,Newcastle Utd,Everton,0–1,St James' Park,https://fbref.com/en/matches/36844e73/Newcastle-United-Everton-May-25-2025-Premier-League,,,,,,,,,,,,,,,,,,,,,,,,,,,,,,,,,,,,,,,,,,,,,,,,,,,,,,,,,,
2024-2025,2025-05-25,16:00,Bournemouth,Leicester City,2–0,Vitality Stadium,https://fbref.com/en/matches/1ff370e8/Bournemouth-Leicester-City-May-25-2025-Premier-League,,,,,,,,,,,,,,,,,,,,,,,,,,,,,,,,,,,,,,,,,,,,,,,,,,,,,,,,,,
2024-2025,2025-05-25,16:00,Tottenham,Brighton,1–4,Tottenham Hotspur Stadium,https://fbref.com/en/matches/e4bb1c35/Tottenham-Hotspur-Brighton-and-Hove-Albion-May-25-2025-Premier-League,,,,,,,,,,,,,,,,,,,,,,,,,,,,,,,,,,,,,,,,,,,,,,,,,,,,,,,,,,
