season,date,time,home_team,away_team,score,venue,match_report_url,home_goals,away_goals,result
2024-2025,2025-08-15,20:00,Liverpool,Bournemouth,4–2,Anfield,https://fbref.com/en/matches/a071faa8/Liverpool-Bournemouth-August-15-2025-Premier-League,4.0,2.0,Home Win
2024-2025,2025-08-16,12:30,Aston Villa,Newcastle Utd,0–0,Villa Park,https://fbref.com/en/matches/bbdf4739/Aston-Villa-Newcastle-United-August-16-2025-Premier-League,0.0,0.0,Draw
2024-2025,2025-08-16,15:00,Sunderland,West Ham,3–0,Stadium of Light,https://fbref.com/en/matches/e1058522/Sunderland-West-Ham-United-August-16-2025-Premier-League,3.0,0.0,Home Win
2024-2025,2025-08-16,15:00,Tottenham,Burnley,3–0,Tottenham Hotspur Stadium,https://fbref.com/en/matches/d41bb8b3/Tottenham-Hotspur-Burnley-August-16-2025-Premier-League,3.0,0.0,Home Win
2024-2025,2025-08-16,15:00,Brighton,Fulham,1–1,The American Express Stadium,https://fbref.com/en/matches/57c49bae/Brighton-and-Hove-Albion-Fulham-August-16-2025-Premier-League,1.0,1.0,Draw
2024-2025,2025-08-16,17:30,Wolves,Manchester City,0–4,Molineux Stadium,https://fbref.com/en/matches/8613020d/Wolverhampton-Wanderers-Manchester-City-August-16-2025-Premier-League,0.0,4.0,Away Win
2024-2025,2025-08-17,14:00,Nott'ham Forest,Brentford,,The City Ground,https://fbref.com/en/stathead/matchup/teams/e4a775cb/cd051869/Nottingham-Forest-vs-Brentford-History,,,
2024-2025,2025-08-17,14:00,Chelsea,Crystal Palace,,Stamford Bridge,https://fbref.com/en/stathead/matchup/teams/cff3d9bb/47c64c55/Chelsea-vs-Crystal-Palace-History,,,
2024-2025,2025-08-17,16:30,Manchester Utd,Arsenal,,Old Trafford,https://fbref.com/en/stathead/matchup/teams/19538871/18bb7c10/Manchester-United-vs-Arsenal-History,,,
2024-2025,2025-08-18,20:00,Leeds United,Everton,,Elland Road,https://fbref.com/en/stathead/matchup/teams/d3fd31cc/5bfb9659/Everton-vs-Leeds-United-History,,,
2024-2025,2025-08-22,20:00,West Ham,Chelsea,,London Stadium,https://fbref.com/en/stathead/matchup/teams/cff3d9bb/7c21e445/Chelsea-vs-West-Ham-United-History,,,
2024-2025,2025-08-23,12:30,Manchester City,Tottenham,,Etihad Stadium,https://fbref.com/en/stathead/matchup/teams/b8fd03ef/361ca564/Manchester-City-vs-Tottenham-Hotspur-History,,,
2024-2025,2025-08-23,15:00,Bournemouth,Wolves,,Vitality Stadium,https://fbref.com/en/stathead/matchup/teams/8cec06e1/4ba7cbea/Wolverhampton-Wanderers-vs-Bournemouth-History,,,
2024-2025,2025-08-23,15:00,Brentford,Aston Villa,,Gtech Community Stadium,https://fbref.com/en/stathead/matchup/teams/cd051869/8602292d/Brentford-vs-Aston-Villa-History,,,
2024-2025,2025-08-23,15:00,Burnley,Sunderland,,Turf Moor,https://fbref.com/en/stathead/matchup/teams/943e8050/8ef52968/Burnley-vs-Sunderland-History,,,
2024-2025,2025-08-23,17:30,Arsenal,Leeds United,,Emirates Stadium,https://fbref.com/en/stathead/matchup/teams/5bfb9659/18bb7c10/Leeds-United-vs-Arsenal-History,,,
2024-2025,2025-08-24,14:00,Crystal Palace,Nott'ham Forest,,Selhurst Park,https://fbref.com/en/stathead/matchup/teams/e4a775cb/47c64c55/Nottingham-Forest-vs-Crystal-Palace-History,,,
2024-2025,2025-08-24,14:00,Everton,Brighton,,Hill Dickinson Stadium,https://fbref.com/en/stathead/matchup/teams/d3fd31cc/d07537b9/Everton-vs-Brighton-and-Hove-Albion-History,,,
2024-2025,2025-08-24,16:30,Fulham,Manchester Utd,,Craven Cottage,https://fbref.com/en/stathead/matchup/teams/fd962109/19538871/Fulham-vs-Manchester-United-History,,,
2024-2025,2025-08-25,20:00,Newcastle Utd,Liverpool,,St James' Park,https://fbref.com/en/stathead/matchup/teams/b2b47a98/822bd0ba/Newcastle-United-vs-Liverpool-History,,,
2024-2025,2025-08-30,12:30,Chelsea,Fulham,,Stamford Bridge,https://fbref.com/en/stathead/matchup/teams/fd962109/cff3d9bb/Fulham-vs-Chelsea-History,,,
2024-2025,2025-08-30,15:00,Sunderland,Brentford,,Stadium of Light,https://fbref.com/en/stathead/matchup/teams/cd051869/8ef52968/Brentford-vs-Sunderland-History,,,
2024-2025,2025-08-30,15:00,Wolves,Everton,,Molineux Stadium,https://fbref.com/en/stathead/matchup/teams/d3fd31cc/8cec06e1/Everton-vs-Wolverhampton-Wanderers-History,,,
2024-2025,2025-08-30,15:00,Tottenham,Bournemouth,,Tottenham Hotspur Stadium,https://fbref.com/en/stathead/matchup/teams/4ba7cbea/361ca564/Bournemouth-vs-Tottenham-Hotspur-History,,,
2024-2025,2025-08-30,15:00,Manchester Utd,Burnley,,Old Trafford,https://fbref.com/en/stathead/matchup/teams/943e8050/19538871/Burnley-vs-Manchester-United-History,,,
2024-2025,2025-08-30,17:30,Leeds United,Newcastle Utd,,Elland Road,https://fbref.com/en/stathead/matchup/teams/b2b47a98/5bfb9659/Newcastle-United-vs-Leeds-United-History,,,
2024-2025,2025-08-31,14:00,Brighton,Manchester City,,The American Express Stadium,https://fbref.com/en/stathead/matchup/teams/d07537b9/b8fd03ef/Brighton-and-Hove-Albion-vs-Manchester-City-History,,,
2024-2025,2025-08-31,14:00,Nott'ham Forest,West Ham,,The City Ground,https://fbref.com/en/stathead/matchup/teams/e4a775cb/7c21e445/Nottingham-Forest-vs-West-Ham-United-History,,,
2024-2025,2025-08-31,16:30,Liverpool,Arsenal,,Anfield,https://fbref.com/en/stathead/matchup/teams/822bd0ba/18bb7c10/Liverpool-vs-Arsenal-History,,,
2024-2025,2025-08-31,19:00,Aston Villa,Crystal Palace,,Villa Park,https://fbref.com/en/stathead/matchup/teams/8602292d/47c64c55/Aston-Villa-vs-Crystal-Palace-History,,,
2024-2025,2025-09-13,12:30,Arsenal,Nott'ham Forest,,Emirates Stadium,https://fbref.com/en/stathead/matchup/teams/e4a775cb/18bb7c10/Nottingham-Forest-vs-Arsenal-History,,,
2024-2025,2025-09-13,15:00,Crystal Palace,Sunderland,,Selhurst Park,https://fbref.com/en/stathead/matchup/teams/8ef52968/47c64c55/Sunderland-vs-Crystal-Palace-History,,,
2024-2025,2025-09-13,15:00,Bournemouth,Brighton,,Vitality Stadium,https://fbref.com/en/stathead/matchup/teams/d07537b9/4ba7cbea/Brighton-and-Hove-Albion-vs-Bournemouth-History,,,
2024-2025,2025-09-13,15:00,Everton,Aston Villa,,Hill Dickinson Stadium,https://fbref.com/en/stathead/matchup/teams/d3fd31cc/8602292d/Everton-vs-Aston-Villa-History,,,
2024-2025,2025-09-13,15:00,Fulham,Leeds United,,Craven Cottage,https://fbref.com/en/stathead/matchup/teams/fd962109/5bfb9659/Fulham-vs-Leeds-United-History,,,
2024-2025,2025-09-13,15:00,Newcastle Utd,Wolves,,St James' Park,https://fbref.com/en/stathead/matchup/teams/b2b47a98/8cec06e1/Newcastle-United-vs-Wolverhampton-Wanderers-History,,,
2024-2025,2025-09-13,17:30,West Ham,Tottenham,,London Stadium,https://fbref.com/en/stathead/matchup/teams/7c21e445/361ca564/West-Ham-United-vs-Tottenham-Hotspur-History,,,
2024-2025,2025-09-13,20:00,Brentford,Chelsea,,Gtech Community Stadium,https://fbref.com/en/stathead/matchup/teams/cff3d9bb/cd051869/Chelsea-vs-Brentford-History,,,
2024-2025,2025-09-14,14:00,Burnley,Liverpool,,Turf Moor,https://fbref.com/en/stathead/matchup/teams/943e8050/822bd0ba/Burnley-vs-Liverpool-History,,,
2024-2025,2025-09-14,16:30,Manchester City,Manchester Utd,,Etihad Stadium,https://fbref.com/en/stathead/matchup/teams/b8fd03ef/19538871/Manchester-Derby-Manchester-City-vs-Manchester-United-History,,,
2024-2025,2025-09-20,12:30,Liverpool,Everton,,Anfield,https://fbref.com/en/stathead/matchup/teams/d3fd31cc/822bd0ba/Merseyside-Derby-Everton-vs-Liverpool-History,,,
2024-2025,2025-09-20,15:00,Burnley,Nott'ham Forest,,Turf Moor,https://fbref.com/en/stathead/matchup/teams/e4a775cb/943e8050/Nottingham-Forest-vs-Burnley-History,,,
2024-2025,2025-09-20,15:00,Bournemouth,Newcastle Utd,,Vitality Stadium,https://fbref.com/en/stathead/matchup/teams/b2b47a98/4ba7cbea/Newcastle-United-vs-Bournemouth-History,,,
2024-2025,2025-09-20,15:00,Brighton,Tottenham,,The American Express Stadium,https://fbref.com/en/stathead/matchup/teams/d07537b9/361ca564/Brighton-and-Hove-Albion-vs-Tottenham-Hotspur-History,,,
2024-2025,2025-09-20,15:00,Wolves,Leeds United,,Molineux Stadium,https://fbref.com/en/stathead/matchup/teams/8cec06e1/5bfb9659/Wolverhampton-Wanderers-vs-Leeds-United-History,,,
2024-2025,2025-09-20,15:00,West Ham,Crystal Palace,,London Stadium,https://fbref.com/en/stathead/matchup/teams/7c21e445/47c64c55/West-Ham-United-vs-Crystal-Palace-History,,,
2024-2025,2025-09-20,17:30,Manchester Utd,Chelsea,,Old Trafford,https://fbref.com/en/stathead/matchup/teams/cff3d9bb/19538871/Chelsea-vs-Manchester-United-History,,,
2024-2025,2025-09-20,20:00,Fulham,Brentford,,Craven Cottage,https://fbref.com/en/stathead/matchup/teams/fd962109/cd051869/Fulham-vs-Brentford-History,,,
2024-2025,2025-09-21,14:00,Sunderland,Aston Villa,,Stadium of Light,https://fbref.com/en/stathead/matchup/teams/8ef52968/8602292d/Sunderland-vs-Aston-Villa-History,,,
2024-2025,2025-09-21,16:30,Arsenal,Manchester City,,Emirates Stadium,https://fbref.com/en/stathead/matchup/teams/b8fd03ef/18bb7c10/Manchester-City-vs-Arsenal-History,,,
2024-2025,2025-09-27,12:30,Brentford,Manchester Utd,,Gtech Community Stadium,https://fbref.com/en/stathead/matchup/teams/cd051869/19538871/Brentford-vs-Manchester-United-History,,,
2024-2025,2025-09-27,15:00,Aston Villa,Fulham,,Villa Park,https://fbref.com/en/stathead/matchup/teams/fd962109/8602292d/Fulham-vs-Aston-Villa-History,,,
2024-2025,2025-09-27,15:00,Chelsea,Brighton,,Stamford Bridge,https://fbref.com/en/stathead/matchup/teams/d07537b9/cff3d9bb/Brighton-and-Hove-Albion-vs-Chelsea-History,,,
2024-2025,2025-09-27,15:00,Crystal Palace,Liverpool,,Selhurst Park,https://fbref.com/en/stathead/matchup/teams/822bd0ba/47c64c55/Liverpool-vs-Crystal-Palace-History,,,
2024-2025,2025-09-27,15:00,Leeds United,Bournemouth,,Elland Road,https://fbref.com/en/stathead/matchup/teams/5bfb9659/4ba7cbea/Leeds-United-vs-Bournemouth-History,,,
2024-2025,2025-09-27,15:00,Manchester City,Burnley,,Etihad Stadium,https://fbref.com/en/stathead/matchup/teams/b8fd03ef/943e8050/Manchester-City-vs-Burnley-History,,,
2024-2025,2025-09-27,17:30,Nott'ham Forest,Sunderland,,The City Ground,https://fbref.com/en/stathead/matchup/teams/e4a775cb/8ef52968/Nottingham-Forest-vs-Sunderland-History,,,
2024-2025,2025-09-28,14:00,Tottenham,Wolves,,Tottenham Hotspur Stadium,https://fbref.com/en/stathead/matchup/teams/8cec06e1/361ca564/Wolverhampton-Wanderers-vs-Tottenham-Hotspur-History,,,
2024-2025,2025-09-28,16:30,Newcastle Utd,Arsenal,,St James' Park,https://fbref.com/en/stathead/matchup/teams/b2b47a98/18bb7c10/Newcastle-United-vs-Arsenal-History,,,
2024-2025,2025-09-29,20:00,Everton,West Ham,,Hill Dickinson Stadium,https://fbref.com/en/stathead/matchup/teams/d3fd31cc/7c21e445/Everton-vs-West-Ham-United-History,,,
2024-2025,2025-10-04,15:00,Aston Villa,Burnley,,Villa Park,https://fbref.com/en/stathead/matchup/teams/943e8050/8602292d/Burnley-vs-Aston-Villa-History,,,
2024-2025,2025-10-04,15:00,Brentford,Manchester City,,Gtech Community Stadium,https://fbref.com/en/stathead/matchup/teams/cd051869/b8fd03ef/Brentford-vs-Manchester-City-History,,,
2024-2025,2025-10-04,15:00,Bournemouth,Fulham,,Vitality Stadium,https://fbref.com/en/stathead/matchup/teams/fd962109/4ba7cbea/Fulham-vs-Bournemouth-History,,,
2024-2025,2025-10-04,15:00,Leeds United,Tottenham,,Elland Road,https://fbref.com/en/stathead/matchup/teams/5bfb9659/361ca564/Leeds-United-vs-Tottenham-Hotspur-History,,,
2024-2025,2025-10-04,15:00,Everton,Crystal Palace,,Hill Dickinson Stadium,https://fbref.com/en/stathead/matchup/teams/d3fd31cc/47c64c55/Everton-vs-Crystal-Palace-History,,,
2024-2025,2025-10-04,15:00,Manchester Utd,Sunderland,,Old Trafford,https://fbref.com/en/stathead/matchup/teams/8ef52968/19538871/Sunderland-vs-Manchester-United-History,,,
2024-2025,2025-10-04,15:00,Arsenal,West Ham,,Emirates Stadium,https://fbref.com/en/stathead/matchup/teams/7c21e445/18bb7c10/West-Ham-United-vs-Arsenal-History,,,
2024-2025,2025-10-04,15:00,Newcastle Utd,Nott'ham Forest,,St James' Park,https://fbref.com/en/stathead/matchup/teams/e4a775cb/b2b47a98/Nottingham-Forest-vs-Newcastle-United-History,,,
2024-2025,2025-10-04,15:00,Wolves,Brighton,,Molineux Stadium,https://fbref.com/en/stathead/matchup/teams/d07537b9/8cec06e1/Brighton-and-Hove-Albion-vs-Wolverhampton-Wanderers-History,,,
2024-2025,2025-10-04,15:00,Chelsea,Liverpool,,Stamford Bridge,https://fbref.com/en/stathead/matchup/teams/cff3d9bb/822bd0ba/Chelsea-vs-Liverpool-History,,,
2024-2025,2025-10-18,15:00,Sunderland,Wolves,,Stadium of Light,https://fbref.com/en/stathead/matchup/teams/8ef52968/8cec06e1/Sunderland-vs-Wolverhampton-Wanderers-History,,,
2024-2025,2025-10-18,15:00,Fulham,Arsenal,,Craven Cottage,https://fbref.com/en/stathead/matchup/teams/fd962109/18bb7c10/Fulham-vs-Arsenal-History,,,
2024-2025,2025-10-18,15:00,Manchester City,Everton,,Etihad Stadium,https://fbref.com/en/stathead/matchup/teams/d3fd31cc/b8fd03ef/Everton-vs-Manchester-City-History,,,
2024-2025,2025-10-18,15:00,West Ham,Brentford,,London Stadium,https://fbref.com/en/stathead/matchup/teams/cd051869/7c21e445/Brentford-vs-West-Ham-United-History,,,
2024-2025,2025-10-18,15:00,Tottenham,Aston Villa,,Tottenham Hotspur Stadium,https://fbref.com/en/stathead/matchup/teams/8602292d/361ca564/Aston-Villa-vs-Tottenham-Hotspur-History,,,
2024-2025,2025-10-18,15:00,Brighton,Newcastle Utd,,The American Express Stadium,https://fbref.com/en/stathead/matchup/teams/d07537b9/b2b47a98/Brighton-and-Hove-Albion-vs-Newcastle-United-History,,,
2024-2025,2025-10-18,15:00,Crystal Palace,Bournemouth,,Selhurst Park,https://fbref.com/en/stathead/matchup/teams/4ba7cbea/47c64c55/Bournemouth-vs-Crystal-Palace-History,,,
2024-2025,2025-10-18,15:00,Burnley,Leeds United,,Turf Moor,https://fbref.com/en/stathead/matchup/teams/943e8050/5bfb9659/Burnley-vs-Leeds-United-History,,,
2024-2025,2025-10-18,15:00,Nott'ham Forest,Chelsea,,The City Ground,https://fbref.com/en/stathead/matchup/teams/e4a775cb/cff3d9bb/Nottingham-Forest-vs-Chelsea-History,,,
2024-2025,2025-10-18,15:00,Liverpool,Manchester Utd,,Anfield,https://fbref.com/en/stathead/matchup/teams/822bd0ba/19538871/North-West-Derby-Liverpool-vs-Manchester-United-History,,,
2024-2025,2025-10-25,15:00,Manchester Utd,Brighton,,Old Trafford,https://fbref.com/en/stathead/matchup/teams/d07537b9/19538871/Brighton-and-Hove-Albion-vs-Manchester-United-History,,,
2024-2025,2025-10-25,15:00,Newcastle Utd,Fulham,,St James' Park,https://fbref.com/en/stathead/matchup/teams/fd962109/b2b47a98/Fulham-vs-Newcastle-United-History,,,
2024-2025,2025-10-25,15:00,Wolves,Burnley,,Molineux Stadium,https://fbref.com/en/stathead/matchup/teams/943e8050/8cec06e1/Burnley-vs-Wolverhampton-Wanderers-History,,,
2024-2025,2025-10-25,15:00,Aston Villa,Manchester City,,Villa Park,https://fbref.com/en/stathead/matchup/teams/b8fd03ef/8602292d/Manchester-City-vs-Aston-Villa-History,,,
2024-2025,2025-10-25,15:00,Leeds United,West Ham,,Elland Road,https://fbref.com/en/stathead/matchup/teams/7c21e445/5bfb9659/West-Ham-United-vs-Leeds-United-History,,,
2024-2025,2025-10-25,15:00,Arsenal,Crystal Palace,,Emirates Stadium,https://fbref.com/en/stathead/matchup/teams/47c64c55/18bb7c10/Crystal-Palace-vs-Arsenal-History,,,
2024-2025,2025-10-25,15:00,Chelsea,Sunderland,,Stamford Bridge,https://fbref.com/en/stathead/matchup/teams/cff3d9bb/8ef52968/Chelsea-vs-Sunderland-History,,,
2024-2025,2025-10-25,15:00,Everton,Tottenham,,Hill Dickinson Stadium,https://fbref.com/en/stathead/matchup/teams/d3fd31cc/361ca564/Everton-vs-Tottenham-Hotspur-History,,,
2024-2025,2025-10-25,15:00,Bournemouth,Nott'ham Forest,,Vitality Stadium,https://fbref.com/en/stathead/matchup/teams/e4a775cb/4ba7cbea/Nottingham-Forest-vs-Bournemouth-History,,,
2024-2025,2025-10-25,15:00,Brentford,Liverpool,,Gtech Community Stadium,https://fbref.com/en/stathead/matchup/teams/cd051869/822bd0ba/Brentford-vs-Liverpool-History,,,
2024-2025,2025-11-01,15:00,Fulham,Wolves,,Craven Cottage,https://fbref.com/en/stathead/matchup/teams/fd962109/8cec06e1/Fulham-vs-Wolverhampton-Wanderers-History,,,
2024-2025,2025-11-01,15:00,Sunderland,Everton,,Stadium of Light,https://fbref.com/en/stathead/matchup/teams/d3fd31cc/8ef52968/Everton-vs-Sunderland-History,,,
2024-2025,2025-11-01,15:00,Brighton,Leeds United,,The American Express Stadium,https://fbref.com/en/stathead/matchup/teams/d07537b9/5bfb9659/Brighton-and-Hove-Albion-vs-Leeds-United-History,,,
2024-2025,2025-11-01,15:00,Manchester City,Bournemouth,,Etihad Stadium,https://fbref.com/en/stathead/matchup/teams/b8fd03ef/4ba7cbea/Manchester-City-vs-Bournemouth-History,,,
2024-2025,2025-11-01,15:00,Liverpool,Aston Villa,,Anfield,https://fbref.com/en/stathead/matchup/teams/8602292d/822bd0ba/Aston-Villa-vs-Liverpool-History,,,
2024-2025,2025-11-01,15:00,Tottenham,Chelsea,,Tottenham Hotspur Stadium,https://fbref.com/en/stathead/matchup/teams/cff3d9bb/361ca564/Chelsea-vs-Tottenham-Hotspur-History,,,
2024-2025,2025-11-01,15:00,West Ham,Newcastle Utd,,London Stadium,https://fbref.com/en/stathead/matchup/teams/b2b47a98/7c21e445/Newcastle-United-vs-West-Ham-United-History,,,
2024-2025,2025-11-01,15:00,Burnley,Arsenal,,Turf Moor,https://fbref.com/en/stathead/matchup/teams/943e8050/18bb7c10/Burnley-vs-Arsenal-History,,,
2024-2025,2025-11-01,15:00,Crystal Palace,Brentford,,Selhurst Park,https://fbref.com/en/stathead/matchup/teams/cd051869/47c64c55/Brentford-vs-Crystal-Palace-History,,,
2024-2025,2025-11-01,15:00,Nott'ham Forest,Manchester Utd,,The City Ground,https://fbref.com/en/stathead/matchup/teams/e4a775cb/19538871/Nottingham-Forest-vs-Manchester-United-History,,,
2024-2025,2025-11-08,15:00,Sunderland,Arsenal,,Stadium of Light,https://fbref.com/en/stathead/matchup/teams/8ef52968/18bb7c10/Sunderland-vs-Arsenal-History,,,
2024-2025,2025-11-08,15:00,Crystal Palace,Brighton,,Selhurst Park,https://fbref.com/en/stathead/matchup/teams/d07537b9/47c64c55/Brighton-and-Hove-Albion-vs-Crystal-Palace-History,,,
2024-2025,2025-11-08,15:00,Everton,Fulham,,Hill Dickinson Stadium,https://fbref.com/en/stathead/matchup/teams/fd962109/d3fd31cc/Fulham-vs-Everton-History,,,
2024-2025,2025-11-08,15:00,Manchester City,Liverpool,,Etihad Stadium,https://fbref.com/en/stathead/matchup/teams/b8fd03ef/822bd0ba/Manchester-City-vs-Liverpool-History,,,
2024-2025,2025-11-08,15:00,Tottenham,Manchester Utd,,Tottenham Hotspur Stadium,https://fbref.com/en/stathead/matchup/teams/361ca564/19538871/Tottenham-Hotspur-vs-Manchester-United-History,,,
2024-2025,2025-11-08,15:00,West Ham,Burnley,,London Stadium,https://fbref.com/en/stathead/matchup/teams/943e8050/7c21e445/Burnley-vs-West-Ham-United-History,,,
2024-2025,2025-11-08,15:00,Nott'ham Forest,Leeds United,,The City Ground,https://fbref.com/en/stathead/matchup/teams/e4a775cb/5bfb9659/Nottingham-Forest-vs-Leeds-United-History,,,
2024-2025,2025-11-08,15:00,Chelsea,Wolves,,Stamford Bridge,https://fbref.com/en/stathead/matchup/teams/cff3d9bb/8cec06e1/Chelsea-vs-Wolverhampton-Wanderers-History,,,
2024-2025,2025-11-08,15:00,Brentford,Newcastle Utd,,Gtech Community Stadium,https://fbref.com/en/stathead/matchup/teams/cd051869/b2b47a98/Brentford-vs-Newcastle-United-History,,,
2024-2025,2025-11-08,15:00,Aston Villa,Bournemouth,,Villa Park,https://fbref.com/en/stathead/matchup/teams/8602292d/4ba7cbea/Aston-Villa-vs-Bournemouth-History,,,
2024-2025,2025-11-22,15:00,Leeds United,Aston Villa,,Elland Road,https://fbref.com/en/stathead/matchup/teams/8602292d/5bfb9659/Aston-Villa-vs-Leeds-United-History,,,
2024-2025,2025-11-22,15:00,Fulham,Sunderland,,Craven Cottage,https://fbref.com/en/stathead/matchup/teams/fd962109/8ef52968/Fulham-vs-Sunderland-History,,,
2024-2025,2025-11-22,15:00,Manchester Utd,Everton,,Old Trafford,https://fbref.com/en/stathead/matchup/teams/d3fd31cc/19538871/Everton-vs-Manchester-United-History,,,
2024-2025,2025-11-22,15:00,Arsenal,Tottenham,,Emirates Stadium,https://fbref.com/en/stathead/matchup/teams/361ca564/18bb7c10/North-London-Derby-Tottenham-Hotspur-vs-Arsenal-History,,,
2024-2025,2025-11-22,15:00,Bournemouth,West Ham,,Vitality Stadium,https://fbref.com/en/stathead/matchup/teams/7c21e445/4ba7cbea/West-Ham-United-vs-Bournemouth-History,,,
2024-2025,2025-11-22,15:00,Burnley,Chelsea,,Turf Moor,https://fbref.com/en/stathead/matchup/teams/cff3d9bb/943e8050/Chelsea-vs-Burnley-History,,,
2024-2025,2025-11-22,15:00,Brighton,Brentford,,The American Express Stadium,https://fbref.com/en/stathead/matchup/teams/d07537b9/cd051869/Brighton-and-Hove-Albion-vs-Brentford-History,,,
2024-2025,2025-11-22,15:00,Newcastle Utd,Manchester City,,St James' Park,https://fbref.com/en/stathead/matchup/teams/b8fd03ef/b2b47a98/Manchester-City-vs-Newcastle-United-History,,,
2024-2025,2025-11-22,15:00,Wolves,Crystal Palace,,Molineux Stadium,https://fbref.com/en/stathead/matchup/teams/8cec06e1/47c64c55/Wolverhampton-Wanderers-vs-Crystal-Palace-History,,,
2024-2025,2025-11-22,15:00,Liverpool,Nott'ham Forest,,Anfield,https://fbref.com/en/stathead/matchup/teams/e4a775cb/822bd0ba/Nottingham-Forest-vs-Liverpool-History,,,
2024-2025,2025-11-29,15:00,Chelsea,Arsenal,,Stamford Bridge,https://fbref.com/en/stathead/matchup/teams/cff3d9bb/18bb7c10/North-West-London-Derby-Chelsea-vs-Arsenal-History,,,
2024-2025,2025-11-29,15:00,West Ham,Liverpool,,London Stadium,https://fbref.com/en/stathead/matchup/teams/822bd0ba/7c21e445/Liverpool-vs-West-Ham-United-History,,,
2024-2025,2025-11-29,15:00,Aston Villa,Wolves,,Villa Park,https://fbref.com/en/stathead/matchup/teams/8cec06e1/8602292d/Wolverhampton-Wanderers-vs-Aston-Villa-History,,,
2024-2025,2025-11-29,15:00,Crystal Palace,Manchester Utd,,Selhurst Park,https://fbref.com/en/stathead/matchup/teams/47c64c55/19538871/Crystal-Palace-vs-Manchester-United-History,,,
2024-2025,2025-11-29,15:00,Sunderland,Bournemouth,,Stadium of Light,https://fbref.com/en/stathead/matchup/teams/8ef52968/4ba7cbea/Sunderland-vs-Bournemouth-History,,,
2024-2025,2025-11-29,15:00,Brentford,Burnley,,Gtech Community Stadium,https://fbref.com/en/stathead/matchup/teams/cd051869/943e8050/Brentford-vs-Burnley-History,,,
2024-2025,2025-11-29,15:00,Everton,Newcastle Utd,,Hill Dickinson Stadium,https://fbref.com/en/stathead/matchup/teams/d3fd31cc/b2b47a98/Everton-vs-Newcastle-United-History,,,
2024-2025,2025-11-29,15:00,Manchester City,Leeds United,,Etihad Stadium,https://fbref.com/en/stathead/matchup/teams/b8fd03ef/5bfb9659/Manchester-City-vs-Leeds-United-History,,,
2024-2025,2025-11-29,15:00,Nott'ham Forest,Brighton,,The City Ground,https://fbref.com/en/stathead/matchup/teams/e4a775cb/d07537b9/Nottingham-Forest-vs-Brighton-and-Hove-Albion-History,,,
2024-2025,2025-11-29,15:00,Tottenham,Fulham,,Tottenham Hotspur Stadium,https://fbref.com/en/stathead/matchup/teams/fd962109/361ca564/Fulham-vs-Tottenham-Hotspur-History,,,
2024-2025,2025-12-03,20:00,Bournemouth,Everton,,Vitality Stadium,https://fbref.com/en/stathead/matchup/teams/d3fd31cc/4ba7cbea/Everton-vs-Bournemouth-History,,,
2024-2025,2025-12-03,20:00,Wolves,Nott'ham Forest,,Molineux Stadium,https://fbref.com/en/stathead/matchup/teams/e4a775cb/8cec06e1/Nottingham-Forest-vs-Wolverhampton-Wanderers-History,,,
2024-2025,2025-12-03,20:00,Manchester Utd,West Ham,,Old Trafford,https://fbref.com/en/stathead/matchup/teams/7c21e445/19538871/West-Ham-United-vs-Manchester-United-History,,,
2024-2025,2025-12-03,20:00,Burnley,Crystal Palace,,Turf Moor,https://fbref.com/en/stathead/matchup/teams/943e8050/47c64c55/Burnley-vs-Crystal-Palace-History,,,
2024-2025,2025-12-03,20:00,Brighton,Aston Villa,,The American Express Stadium,https://fbref.com/en/stathead/matchup/teams/d07537b9/8602292d/Brighton-and-Hove-Albion-vs-Aston-Villa-History,,,
2024-2025,2025-12-03,20:00,Leeds United,Chelsea,,Elland Road,https://fbref.com/en/stathead/matchup/teams/cff3d9bb/5bfb9659/Chelsea-vs-Leeds-United-History,,,
2024-2025,2025-12-03,20:00,Newcastle Utd,Tottenham,,St James' Park,https://fbref.com/en/stathead/matchup/teams/b2b47a98/361ca564/Newcastle-United-vs-Tottenham-Hotspur-History,,,
2024-2025,2025-12-03,20:00,Fulham,Manchester City,,Craven Cottage,https://fbref.com/en/stathead/matchup/teams/fd962109/b8fd03ef/Fulham-vs-Manchester-City-History,,,
2024-2025,2025-12-03,20:00,Liverpool,Sunderland,,Anfield,https://fbref.com/en/stathead/matchup/teams/8ef52968/822bd0ba/Sunderland-vs-Liverpool-History,,,
2024-2025,2025-12-03,20:00,Arsenal,Brentford,,Emirates Stadium,https://fbref.com/en/stathead/matchup/teams/cd051869/18bb7c10/Brentford-vs-Arsenal-History,,,
2024-2025,2025-12-06,15:00,Tottenham,Brentford,,Tottenham Hotspur Stadium,https://fbref.com/en/stathead/matchup/teams/cd051869/361ca564/Brentford-vs-Tottenham-Hotspur-History,,,
2024-2025,2025-12-06,15:00,Fulham,Crystal Palace,,Craven Cottage,https://fbref.com/en/stathead/matchup/teams/fd962109/47c64c55/Fulham-vs-Crystal-Palace-History,,,
2024-2025,2025-12-06,15:00,Leeds United,Liverpool,,Elland Road,https://fbref.com/en/stathead/matchup/teams/822bd0ba/5bfb9659/Liverpool-vs-Leeds-United-History,,,
2024-2025,2025-12-06,15:00,Aston Villa,Arsenal,,Villa Park,https://fbref.com/en/stathead/matchup/teams/8602292d/18bb7c10/Aston-Villa-vs-Arsenal-History,,,
2024-2025,2025-12-06,15:00,Wolves,Manchester Utd,,Molineux Stadium,https://fbref.com/en/stathead/matchup/teams/8cec06e1/19538871/Wolverhampton-Wanderers-vs-Manchester-United-History,,,
2024-2025,2025-12-06,15:00,Newcastle Utd,Burnley,,St James' Park,https://fbref.com/en/stathead/matchup/teams/b2b47a98/943e8050/Newcastle-United-vs-Burnley-History,,,
2024-2025,2025-12-06,15:00,Manchester City,Sunderland,,Etihad Stadium,https://fbref.com/en/stathead/matchup/teams/b8fd03ef/8ef52968/Manchester-City-vs-Sunderland-History,,,
2024-2025,2025-12-06,15:00,Brighton,West Ham,,The American Express Stadium,https://fbref.com/en/stathead/matchup/teams/d07537b9/7c21e445/Brighton-and-Hove-Albion-vs-West-Ham-United-History,,,
2024-2025,2025-12-06,15:00,Bournemouth,Chelsea,,Vitality Stadium,https://fbref.com/en/stathead/matchup/teams/cff3d9bb/4ba7cbea/Chelsea-vs-Bournemouth-History,,,
2024-2025,2025-12-06,15:00,Everton,Nott'ham Forest,,Hill Dickinson Stadium,https://fbref.com/en/stathead/matchup/teams/e4a775cb/d3fd31cc/Nottingham-Forest-vs-Everton-History,,,
2024-2025,2025-12-13,15:00,Sunderland,Newcastle Utd,,Stadium of Light,https://fbref.com/en/stathead/matchup/teams/b2b47a98/8ef52968/Newcastle-United-vs-Sunderland-History,,,
2024-2025,2025-12-13,15:00,Nott'ham Forest,Tottenham,,The City Ground,https://fbref.com/en/stathead/matchup/teams/e4a775cb/361ca564/Nottingham-Forest-vs-Tottenham-Hotspur-History,,,
2024-2025,2025-12-13,15:00,Manchester Utd,Bournemouth,,Old Trafford,https://fbref.com/en/stathead/matchup/teams/4ba7cbea/19538871/Bournemouth-vs-Manchester-United-History,,,
2024-2025,2025-12-13,15:00,West Ham,Aston Villa,,London Stadium,https://fbref.com/en/stathead/matchup/teams/8602292d/7c21e445/Aston-Villa-vs-West-Ham-United-History,,,
2024-2025,2025-12-13,15:00,Crystal Palace,Manchester City,,Selhurst Park,https://fbref.com/en/stathead/matchup/teams/b8fd03ef/47c64c55/Manchester-City-vs-Crystal-Palace-History,,,
2024-2025,2025-12-13,15:00,Burnley,Fulham,,Turf Moor,https://fbref.com/en/stathead/matchup/teams/fd962109/943e8050/Fulham-vs-Burnley-History,,,
2024-2025,2025-12-13,15:00,Brentford,Leeds United,,Gtech Community Stadium,https://fbref.com/en/stathead/matchup/teams/cd051869/5bfb9659/Brentford-vs-Leeds-United-History,,,
2024-2025,2025-12-13,15:00,Arsenal,Wolves,,Emirates Stadium,https://fbref.com/en/stathead/matchup/teams/8cec06e1/18bb7c10/Wolverhampton-Wanderers-vs-Arsenal-History,,,
2024-2025,2025-12-13,15:00,Liverpool,Brighton,,Anfield,https://fbref.com/en/stathead/matchup/teams/d07537b9/822bd0ba/Brighton-and-Hove-Albion-vs-Liverpool-History,,,
2024-2025,2025-12-13,15:00,Chelsea,Everton,,Stamford Bridge,https://fbref.com/en/stathead/matchup/teams/d3fd31cc/cff3d9bb/Everton-vs-Chelsea-History,,,
2024-2025,2025-12-20,15:00,Aston Villa,Manchester Utd,,Villa Park,https://fbref.com/en/stathead/matchup/teams/8602292d/19538871/Aston-Villa-vs-Manchester-United-History,,,
2024-2025,2025-12-20,15:00,Tottenham,Liverpool,,Tottenham Hotspur Stadium,https://fbref.com/en/stathead/matchup/teams/822bd0ba/361ca564/Liverpool-vs-Tottenham-Hotspur-History,,,
2024-2025,2025-12-20,15:00,Wolves,Brentford,,Molineux Stadium,https://fbref.com/en/stathead/matchup/teams/cd051869/8cec06e1/Brentford-vs-Wolverhampton-Wanderers-History,,,
2024-2025,2025-12-20,15:00,Brighton,Sunderland,,The American Express Stadium,https://fbref.com/en/stathead/matchup/teams/d07537b9/8ef52968/Brighton-and-Hove-Albion-vs-Sunderland-History,,,
2024-2025,2025-12-20,15:00,Bournemouth,Burnley,,Vitality Stadium,https://fbref.com/en/stathead/matchup/teams/943e8050/4ba7cbea/Burnley-vs-Bournemouth-History,,,
2024-2025,2025-12-20,15:00,Newcastle Utd,Chelsea,,St James' Park,https://fbref.com/en/stathead/matchup/teams/cff3d9bb/b2b47a98/Chelsea-vs-Newcastle-United-History,,,
2024-2025,2025-12-20,15:00,Leeds United,Crystal Palace,,Elland Road,https://fbref.com/en/stathead/matchup/teams/5bfb9659/47c64c55/Leeds-United-vs-Crystal-Palace-History,,,
2024-2025,2025-12-20,15:00,Fulham,Nott'ham Forest,,Craven Cottage,https://fbref.com/en/stathead/matchup/teams/fd962109/e4a775cb/Fulham-vs-Nottingham-Forest-History,,,
2024-2025,2025-12-20,15:00,Everton,Arsenal,,Hill Dickinson Stadium,https://fbref.com/en/stathead/matchup/teams/d3fd31cc/18bb7c10/Everton-vs-Arsenal-History,,,
2024-2025,2025-12-20,15:00,Manchester City,West Ham,,Etihad Stadium,https://fbref.com/en/stathead/matchup/teams/b8fd03ef/7c21e445/Manchester-City-vs-West-Ham-United-History,,,
2024-2025,2025-12-27,15:00,West Ham,Fulham,,London Stadium,https://fbref.com/en/stathead/matchup/teams/fd962109/7c21e445/Fulham-vs-West-Ham-United-History,,,
2024-2025,2025-12-27,15:00,Liverpool,Wolves,,Anfield,https://fbref.com/en/stathead/matchup/teams/8cec06e1/822bd0ba/Wolverhampton-Wanderers-vs-Liverpool-History,,,
2024-2025,2025-12-27,15:00,Crystal Palace,Tottenham,,Selhurst Park,https://fbref.com/en/stathead/matchup/teams/47c64c55/361ca564/Crystal-Palace-vs-Tottenham-Hotspur-History,,,
2024-2025,2025-12-27,15:00,Burnley,Everton,,Turf Moor,https://fbref.com/en/stathead/matchup/teams/d3fd31cc/943e8050/Everton-vs-Burnley-History,,,
2024-2025,2025-12-27,15:00,Nott'ham Forest,Manchester City,,The City Ground,https://fbref.com/en/stathead/matchup/teams/e4a775cb/b8fd03ef/Nottingham-Forest-vs-Manchester-City-History,,,
2024-2025,2025-12-27,15:00,Chelsea,Aston Villa,,Stamford Bridge,https://fbref.com/en/stathead/matchup/teams/cff3d9bb/8602292d/Chelsea-vs-Aston-Villa-History,,,
2024-2025,2025-12-27,15:00,Arsenal,Brighton,,Emirates Stadium,https://fbref.com/en/stathead/matchup/teams/d07537b9/18bb7c10/Brighton-and-Hove-Albion-vs-Arsenal-History,,,
2024-2025,2025-12-27,15:00,Manchester Utd,Newcastle Utd,,Old Trafford,https://fbref.com/en/stathead/matchup/teams/b2b47a98/19538871/Newcastle-United-vs-Manchester-United-History,,,
2024-2025,2025-12-27,15:00,Brentford,Bournemouth,,Gtech Community Stadium,https://fbref.com/en/stathead/matchup/teams/cd051869/4ba7cbea/Brentford-vs-Bournemouth-History,,,
2024-2025,2025-12-27,15:00,Sunderland,Leeds United,,Stadium of Light,https://fbref.com/en/stathead/matchup/teams/8ef52968/5bfb9659/Sunderland-vs-Leeds-United-History,,,
2024-2025,2025-12-30,20:00,Arsenal,Aston Villa,,Emirates Stadium,https://fbref.com/en/stathead/matchup/teams/8602292d/18bb7c10/Aston-Villa-vs-Arsenal-History,,,
2024-2025,2025-12-30,20:00,Sunderland,Manchester City,,Stadium of Light,https://fbref.com/en/stathead/matchup/teams/b8fd03ef/8ef52968/Manchester-City-vs-Sunderland-History,,,
2024-2025,2025-12-30,20:00,Nott'ham Forest,Everton,,The City Ground,https://fbref.com/en/stathead/matchup/teams/e4a775cb/d3fd31cc/Nottingham-Forest-vs-Everton-History,,,
2024-2025,2025-12-30,20:00,Chelsea,Bournemouth,,Stamford Bridge,https://fbref.com/en/stathead/matchup/teams/cff3d9bb/4ba7cbea/Chelsea-vs-Bournemouth-History,,,
2024-2025,2025-12-30,20:00,Brentford,Tottenham,,Gtech Community Stadium,https://fbref.com/en/stathead/matchup/teams/cd051869/361ca564/Brentford-vs-Tottenham-Hotspur-History,,,
2024-2025,2025-12-30,20:00,Liverpool,Leeds United,,Anfield,https://fbref.com/en/stathead/matchup/teams/822bd0ba/5bfb9659/Liverpool-vs-Leeds-United-History,,,
2024-2025,2025-12-30,20:00,West Ham,Brighton,,London Stadium,https://fbref.com/en/stathead/matchup/teams/d07537b9/7c21e445/Brighton-and-Hove-Albion-vs-West-Ham-United-History,,,
2024-2025,2025-12-30,20:00,Crystal Palace,Fulham,,Selhurst Park,https://fbref.com/en/stathead/matchup/teams/fd962109/47c64c55/Fulham-vs-Crystal-Palace-History,,,
2024-2025,2025-12-30,20:00,Burnley,Newcastle Utd,,Turf Moor,https://fbref.com/en/stathead/matchup/teams/b2b47a98/943e8050/Newcastle-United-vs-Burnley-History,,,
2024-2025,2025-12-30,20:00,Manchester Utd,Wolves,,Old Trafford,https://fbref.com/en/stathead/matchup/teams/8cec06e1/19538871/Wolverhampton-Wanderers-vs-Manchester-United-History,,,
2024-2025,2026-01-03,15:00,Fulham,Liverpool,,Craven Cottage,https://fbref.com/en/stathead/matchup/teams/fd962109/822bd0ba/Fulham-vs-Liverpool-History,,,
2024-2025,2026-01-03,15:00,Manchester City,Chelsea,,Etihad Stadium,https://fbref.com/en/stathead/matchup/teams/cff3d9bb/b8fd03ef/Chelsea-vs-Manchester-City-History,,,
2024-2025,2026-01-03,15:00,Wolves,West Ham,,Molineux Stadium,https://fbref.com/en/stathead/matchup/teams/8cec06e1/7c21e445/Wolverhampton-Wanderers-vs-West-Ham-United-History,,,
2024-2025,2026-01-03,15:00,Aston Villa,Nott'ham Forest,,Villa Park,https://fbref.com/en/stathead/matchup/teams/e4a775cb/8602292d/Nottingham-Forest-vs-Aston-Villa-History,,,
2024-2025,2026-01-03,15:00,Newcastle Utd,Crystal Palace,,St James' Park,https://fbref.com/en/stathead/matchup/teams/b2b47a98/47c64c55/Newcastle-United-vs-Crystal-Palace-History,,,
2024-2025,2026-01-03,15:00,Everton,Brentford,,Hill Dickinson Stadium,https://fbref.com/en/stathead/matchup/teams/d3fd31cc/cd051869/Everton-vs-Brentford-History,,,
2024-2025,2026-01-03,15:00,Bournemouth,Arsenal,,Vitality Stadium,https://fbref.com/en/stathead/matchup/teams/4ba7cbea/18bb7c10/Bournemouth-vs-Arsenal-History,,,
2024-2025,2026-01-03,15:00,Leeds United,Manchester Utd,,Elland Road,https://fbref.com/en/stathead/matchup/teams/5bfb9659/19538871/Leeds-United-vs-Manchester-United-History,,,
2024-2025,2026-01-03,15:00,Brighton,Burnley,,The American Express Stadium,https://fbref.com/en/stathead/matchup/teams/d07537b9/943e8050/Brighton-and-Hove-Albion-vs-Burnley-History,,,
2024-2025,2026-01-03,15:00,Tottenham,Sunderland,,Tottenham Hotspur Stadium,https://fbref.com/en/stathead/matchup/teams/8ef52968/361ca564/Sunderland-vs-Tottenham-Hotspur-History,,,
2024-2025,2026-01-07,20:00,Manchester City,Brighton,,Etihad Stadium,https://fbref.com/en/stathead/matchup/teams/d07537b9/b8fd03ef/Brighton-and-Hove-Albion-vs-Manchester-City-History,,,
2024-2025,2026-01-07,20:00,West Ham,Nott'ham Forest,,London Stadium,https://fbref.com/en/stathead/matchup/teams/e4a775cb/7c21e445/Nottingham-Forest-vs-West-Ham-United-History,,,
2024-2025,2026-01-07,20:00,Crystal Palace,Aston Villa,,Selhurst Park,https://fbref.com/en/stathead/matchup/teams/8602292d/47c64c55/Aston-Villa-vs-Crystal-Palace-History,,,
2024-2025,2026-01-07,20:00,Burnley,Manchester Utd,,Turf Moor,https://fbref.com/en/stathead/matchup/teams/943e8050/19538871/Burnley-vs-Manchester-United-History,,,
2024-2025,2026-01-07,20:00,Arsenal,Liverpool,,Emirates Stadium,https://fbref.com/en/stathead/matchup/teams/822bd0ba/18bb7c10/Liverpool-vs-Arsenal-History,,,
2024-2025,2026-01-07,20:00,Everton,Wolves,,Hill Dickinson Stadium,https://fbref.com/en/stathead/matchup/teams/d3fd31cc/8cec06e1/Everton-vs-Wolverhampton-Wanderers-History,,,
2024-2025,2026-01-07,20:00,Newcastle Utd,Leeds United,,St James' Park,https://fbref.com/en/stathead/matchup/teams/b2b47a98/5bfb9659/Newcastle-United-vs-Leeds-United-History,,,
2024-2025,2026-01-07,20:00,Brentford,Sunderland,,Gtech Community Stadium,https://fbref.com/en/stathead/matchup/teams/cd051869/8ef52968/Brentford-vs-Sunderland-History,,,
2024-2025,2026-01-07,20:00,Bournemouth,Tottenham,,Vitality Stadium,https://fbref.com/en/stathead/matchup/teams/4ba7cbea/361ca564/Bournemouth-vs-Tottenham-Hotspur-History,,,
2024-2025,2026-01-07,20:00,Fulham,Chelsea,,Craven Cottage,https://fbref.com/en/stathead/matchup/teams/fd962109/cff3d9bb/Fulham-vs-Chelsea-History,,,
2024-2025,2026-01-17,15:00,Leeds United,Fulham,,Elland Road,https://fbref.com/en/stathead/matchup/teams/fd962109/5bfb9659/Fulham-vs-Leeds-United-History,,,
2024-2025,2026-01-17,15:00,Liverpool,Burnley,,Anfield,https://fbref.com/en/stathead/matchup/teams/943e8050/822bd0ba/Burnley-vs-Liverpool-History,,,
2024-2025,2026-01-17,15:00,Manchester Utd,Manchester City,,Old Trafford,https://fbref.com/en/stathead/matchup/teams/b8fd03ef/19538871/Manchester-Derby-Manchester-City-vs-Manchester-United-History,,,
2024-2025,2026-01-17,15:00,Tottenham,West Ham,,Tottenham Hotspur Stadium,https://fbref.com/en/stathead/matchup/teams/7c21e445/361ca564/West-Ham-United-vs-Tottenham-Hotspur-History,,,
2024-2025,2026-01-17,15:00,Aston Villa,Everton,,Villa Park,https://fbref.com/en/stathead/matchup/teams/d3fd31cc/8602292d/Everton-vs-Aston-Villa-History,,,
2024-2025,2026-01-17,15:00,Nott'ham Forest,Arsenal,,The City Ground,https://fbref.com/en/stathead/matchup/teams/e4a775cb/18bb7c10/Nottingham-Forest-vs-Arsenal-History,,,
2024-2025,2026-01-17,15:00,Chelsea,Brentford,,Stamford Bridge,https://fbref.com/en/stathead/matchup/teams/cff3d9bb/cd051869/Chelsea-vs-Brentford-History,,,
2024-2025,2026-01-17,15:00,Sunderland,Crystal Palace,,Stadium of Light,https://fbref.com/en/stathead/matchup/teams/8ef52968/47c64c55/Sunderland-vs-Crystal-Palace-History,,,
2024-2025,2026-01-17,15:00,Wolves,Newcastle Utd,,Molineux Stadium,https://fbref.com/en/stathead/matchup/teams/b2b47a98/8cec06e1/Newcastle-United-vs-Wolverhampton-Wanderers-History,,,
2024-2025,2026-01-17,15:00,Brighton,Bournemouth,,The American Express Stadium,https://fbref.com/en/stathead/matchup/teams/d07537b9/4ba7cbea/Brighton-and-Hove-Albion-vs-Bournemouth-History,,,
2024-2025,2026-01-24,15:00,Arsenal,Manchester Utd,,Emirates Stadium,https://fbref.com/en/stathead/matchup/teams/19538871/18bb7c10/Manchester-United-vs-Arsenal-History,,,
2024-2025,2026-01-24,15:00,Fulham,Brighton,,Craven Cottage,https://fbref.com/en/stathead/matchup/teams/fd962109/d07537b9/Fulham-vs-Brighton-and-Hove-Albion-History,,,
2024-2025,2026-01-24,15:00,Manchester City,Wolves,,Etihad Stadium,https://fbref.com/en/stathead/matchup/teams/b8fd03ef/8cec06e1/Manchester-City-vs-Wolverhampton-Wanderers-History,,,
2024-2025,2026-01-24,15:00,Brentford,Nott'ham Forest,,Gtech Community Stadium,https://fbref.com/en/stathead/matchup/teams/e4a775cb/cd051869/Nottingham-Forest-vs-Brentford-History,,,
2024-2025,2026-01-24,15:00,West Ham,Sunderland,,London Stadium,https://fbref.com/en/stathead/matchup/teams/8ef52968/7c21e445/Sunderland-vs-West-Ham-United-History,,,
2024-2025,2026-01-24,15:00,Everton,Leeds United,,Hill Dickinson Stadium,https://fbref.com/en/stathead/matchup/teams/d3fd31cc/5bfb9659/Everton-vs-Leeds-United-History,,,
2024-2025,2026-01-24,15:00,Bournemouth,Liverpool,,Vitality Stadium,https://fbref.com/en/stathead/matchup/teams/822bd0ba/4ba7cbea/Liverpool-vs-Bournemouth-History,,,
2024-2025,2026-01-24,15:00,Crystal Palace,Chelsea,,Selhurst Park,https://fbref.com/en/stathead/matchup/teams/cff3d9bb/47c64c55/Chelsea-vs-Crystal-Palace-History,,,
2024-2025,2026-01-24,15:00,Burnley,Tottenham,,Turf Moor,https://fbref.com/en/stathead/matchup/teams/943e8050/361ca564/Burnley-vs-Tottenham-Hotspur-History,,,
2024-2025,2026-01-24,15:00,Newcastle Utd,Aston Villa,,St James' Park,https://fbref.com/en/stathead/matchup/teams/b2b47a98/8602292d/Newcastle-United-vs-Aston-Villa-History,,,
2024-2025,2026-01-31,15:00,Nott'ham Forest,Crystal Palace,,The City Ground,https://fbref.com/en/stathead/matchup/teams/e4a775cb/47c64c55/Nottingham-Forest-vs-Crystal-Palace-History,,,
2024-2025,2026-01-31,15:00,Chelsea,West Ham,,Stamford Bridge,https://fbref.com/en/stathead/matchup/teams/cff3d9bb/7c21e445/Chelsea-vs-West-Ham-United-History,,,
2024-2025,2026-01-31,15:00,Liverpool,Newcastle Utd,,Anfield,https://fbref.com/en/stathead/matchup/teams/b2b47a98/822bd0ba/Newcastle-United-vs-Liverpool-History,,,
2024-2025,2026-01-31,15:00,Tottenham,Manchester City,,Tottenham Hotspur Stadium,https://fbref.com/en/stathead/matchup/teams/b8fd03ef/361ca564/Manchester-City-vs-Tottenham-Hotspur-History,,,
2024-2025,2026-01-31,15:00,Aston Villa,Brentford,,Villa Park,https://fbref.com/en/stathead/matchup/teams/cd051869/8602292d/Brentford-vs-Aston-Villa-History,,,
2024-2025,2026-01-31,15:00,Brighton,Everton,,The American Express Stadium,https://fbref.com/en/stathead/matchup/teams/d3fd31cc/d07537b9/Everton-vs-Brighton-and-Hove-Albion-History,,,
2024-2025,2026-01-31,15:00,Leeds United,Arsenal,,Elland Road,https://fbref.com/en/stathead/matchup/teams/5bfb9659/18bb7c10/Leeds-United-vs-Arsenal-History,,,
2024-2025,2026-01-31,15:00,Sunderland,Burnley,,Stadium of Light,https://fbref.com/en/stathead/matchup/teams/943e8050/8ef52968/Burnley-vs-Sunderland-History,,,
2024-2025,2026-01-31,15:00,Wolves,Bournemouth,,Molineux Stadium,https://fbref.com/en/stathead/matchup/teams/8cec06e1/4ba7cbea/Wolverhampton-Wanderers-vs-Bournemouth-History,,,
2024-2025,2026-01-31,15:00,Manchester Utd,Fulham,,Old Trafford,https://fbref.com/en/stathead/matchup/teams/fd962109/19538871/Fulham-vs-Manchester-United-History,,,
2024-2025,2026-02-07,15:00,Newcastle Utd,Brentford,,St James' Park,https://fbref.com/en/stathead/matchup/teams/cd051869/b2b47a98/Brentford-vs-Newcastle-United-History,,,
2024-2025,2026-02-07,15:00,Bournemouth,Aston Villa,,Vitality Stadium,https://fbref.com/en/stathead/matchup/teams/8602292d/4ba7cbea/Aston-Villa-vs-Bournemouth-History,,,
2024-2025,2026-02-07,15:00,Manchester Utd,Tottenham,,Old Trafford,https://fbref.com/en/stathead/matchup/teams/361ca564/19538871/Tottenham-Hotspur-vs-Manchester-United-History,,,
2024-2025,2026-02-07,15:00,Wolves,Chelsea,,Molineux Stadium,https://fbref.com/en/stathead/matchup/teams/cff3d9bb/8cec06e1/Chelsea-vs-Wolverhampton-Wanderers-History,,,
2024-2025,2026-02-07,15:00,Brighton,Crystal Palace,,The American Express Stadium,https://fbref.com/en/stathead/matchup/teams/d07537b9/47c64c55/Brighton-and-Hove-Albion-vs-Crystal-Palace-History,,,
2024-2025,2026-02-07,15:00,Liverpool,Manchester City,,Anfield,https://fbref.com/en/stathead/matchup/teams/b8fd03ef/822bd0ba/Manchester-City-vs-Liverpool-History,,,
2024-2025,2026-02-07,15:00,Arsenal,Sunderland,,Emirates Stadium,https://fbref.com/en/stathead/matchup/teams/8ef52968/18bb7c10/Sunderland-vs-Arsenal-History,,,
2024-2025,2026-02-07,15:00,Leeds United,Nott'ham Forest,,Elland Road,https://fbref.com/en/stathead/matchup/teams/e4a775cb/5bfb9659/Nottingham-Forest-vs-Leeds-United-History,,,
2024-2025,2026-02-07,15:00,Burnley,West Ham,,Turf Moor,https://fbref.com/en/stathead/matchup/teams/943e8050/7c21e445/Burnley-vs-West-Ham-United-History,,,
2024-2025,2026-02-07,15:00,Fulham,Everton,,Craven Cottage,https://fbref.com/en/stathead/matchup/teams/fd962109/d3fd31cc/Fulham-vs-Everton-History,,,
2024-2025,2026-02-11,20:00,Everton,Bournemouth,,Hill Dickinson Stadium,https://fbref.com/en/stathead/matchup/teams/d3fd31cc/4ba7cbea/Everton-vs-Bournemouth-History,,,
2024-2025,2026-02-11,20:00,Nott'ham Forest,Wolves,,The City Ground,https://fbref.com/en/stathead/matchup/teams/e4a775cb/8cec06e1/Nottingham-Forest-vs-Wolverhampton-Wanderers-History,,,
2024-2025,2026-02-11,20:00,Chelsea,Leeds United,,Stamford Bridge,https://fbref.com/en/stathead/matchup/teams/cff3d9bb/5bfb9659/Chelsea-vs-Leeds-United-History,,,
2024-2025,2026-02-11,20:00,Crystal Palace,Burnley,,Selhurst Park,https://fbref.com/en/stathead/matchup/teams/943e8050/47c64c55/Burnley-vs-Crystal-Palace-History,,,
2024-2025,2026-02-11,20:00,Sunderland,Liverpool,,Stadium of Light,https://fbref.com/en/stathead/matchup/teams/8ef52968/822bd0ba/Sunderland-vs-Liverpool-History,,,
2024-2025,2026-02-11,20:00,West Ham,Manchester Utd,,London Stadium,https://fbref.com/en/stathead/matchup/teams/7c21e445/19538871/West-Ham-United-vs-Manchester-United-History,,,
2024-2025,2026-02-11,20:00,Manchester City,Fulham,,Etihad Stadium,https://fbref.com/en/stathead/matchup/teams/fd962109/b8fd03ef/Fulham-vs-Manchester-City-History,,,
2024-2025,2026-02-11,20:00,Aston Villa,Brighton,,Villa Park,https://fbref.com/en/stathead/matchup/teams/d07537b9/8602292d/Brighton-and-Hove-Albion-vs-Aston-Villa-History,,,
2024-2025,2026-02-11,20:00,Tottenham,Newcastle Utd,,Tottenham Hotspur Stadium,https://fbref.com/en/stathead/matchup/teams/b2b47a98/361ca564/Newcastle-United-vs-Tottenham-Hotspur-History,,,
2024-2025,2026-02-11,20:00,Brentford,Arsenal,,Gtech Community Stadium,https://fbref.com/en/stathead/matchup/teams/cd051869/18bb7c10/Brentford-vs-Arsenal-History,,,
2024-2025,2026-02-21,15:00,Aston Villa,Leeds United,,Villa Park,https://fbref.com/en/stathead/matchup/teams/8602292d/5bfb9659/Aston-Villa-vs-Leeds-United-History,,,
2024-2025,2026-02-21,15:00,Everton,Manchester Utd,,Hill Dickinson Stadium,https://fbref.com/en/stathead/matchup/teams/d3fd31cc/19538871/Everton-vs-Manchester-United-History,,,
2024-2025,2026-02-21,15:00,Chelsea,Burnley,,Stamford Bridge,https://fbref.com/en/stathead/matchup/teams/cff3d9bb/943e8050/Chelsea-vs-Burnley-History,,,
2024-2025,2026-02-21,15:00,Tottenham,Arsenal,,Tottenham Hotspur Stadium,https://fbref.com/en/stathead/matchup/teams/361ca564/18bb7c10/North-London-Derby-Tottenham-Hotspur-vs-Arsenal-History,,,
2024-2025,2026-02-21,15:00,Nott'ham Forest,Liverpool,,The City Ground,https://fbref.com/en/stathead/matchup/teams/e4a775cb/822bd0ba/Nottingham-Forest-vs-Liverpool-History,,,
2024-2025,2026-02-21,15:00,Brentford,Brighton,,Gtech Community Stadium,https://fbref.com/en/stathead/matchup/teams/d07537b9/cd051869/Brighton-and-Hove-Albion-vs-Brentford-History,,,
2024-2025,2026-02-21,15:00,West Ham,Bournemouth,,London Stadium,https://fbref.com/en/stathead/matchup/teams/7c21e445/4ba7cbea/West-Ham-United-vs-Bournemouth-History,,,
2024-2025,2026-02-21,15:00,Sunderland,Fulham,,Stadium of Light,https://fbref.com/en/stathead/matchup/teams/fd962109/8ef52968/Fulham-vs-Sunderland-History,,,
2024-2025,2026-02-21,15:00,Crystal Palace,Wolves,,Selhurst Park,https://fbref.com/en/stathead/matchup/teams/8cec06e1/47c64c55/Wolverhampton-Wanderers-vs-Crystal-Palace-History,,,
2024-2025,2026-02-21,15:00,Manchester City,Newcastle Utd,,Etihad Stadium,https://fbref.com/en/stathead/matchup/teams/b8fd03ef/b2b47a98/Manchester-City-vs-Newcastle-United-History,,,
2024-2025,2026-02-28,15:00,Newcastle Utd,Everton,,St James' Park,https://fbref.com/en/stathead/matchup/teams/d3fd31cc/b2b47a98/Everton-vs-Newcastle-United-History,,,
2024-2025,2026-02-28,15:00,Burnley,Brentford,,Turf Moor,https://fbref.com/en/stathead/matchup/teams/cd051869/943e8050/Brentford-vs-Burnley-History,,,
2024-2025,2026-02-28,15:00,Brighton,Nott'ham Forest,,The American Express Stadium,https://fbref.com/en/stathead/matchup/teams/e4a775cb/d07537b9/Nottingham-Forest-vs-Brighton-and-Hove-Albion-History,,,
2024-2025,2026-02-28,15:00,Bournemouth,Sunderland,,Vitality Stadium,https://fbref.com/en/stathead/matchup/teams/8ef52968/4ba7cbea/Sunderland-vs-Bournemouth-History,,,
2024-2025,2026-02-28,15:00,Liverpool,West Ham,,Anfield,https://fbref.com/en/stathead/matchup/teams/822bd0ba/7c21e445/Liverpool-vs-West-Ham-United-History,,,
2024-2025,2026-02-28,15:00,Manchester Utd,Crystal Palace,,Old Trafford,https://fbref.com/en/stathead/matchup/teams/47c64c55/19538871/Crystal-Palace-vs-Manchester-United-History,,,
2024-2025,2026-02-28,15:00,Fulham,Tottenham,,Craven Cottage,https://fbref.com/en/stathead/matchup/teams/fd962109/361ca564/Fulham-vs-Tottenham-Hotspur-History,,,
2024-2025,2026-02-28,15:00,Leeds United,Manchester City,,Elland Road,https://fbref.com/en/stathead/matchup/teams/b8fd03ef/5bfb9659/Manchester-City-vs-Leeds-United-History,,,
2024-2025,2026-02-28,15:00,Wolves,Aston Villa,,Molineux Stadium,https://fbref.com/en/stathead/matchup/teams/8cec06e1/8602292d/Wolverhampton-Wanderers-vs-Aston-Villa-History,,,
2024-2025,2026-02-28,15:00,Arsenal,Chelsea,,Emirates Stadium,https://fbref.com/en/stathead/matchup/teams/cff3d9bb/18bb7c10/North-West-London-Derby-Chelsea-vs-Arsenal-History,,,
2024-2025,2026-03-04,20:00,Brighton,Arsenal,,The American Express Stadium,https://fbref.com/en/stathead/matchup/teams/d07537b9/18bb7c10/Brighton-and-Hove-Albion-vs-Arsenal-History,,,
2024-2025,2026-03-04,20:00,Wolves,Liverpool,,Molineux Stadium,https://fbref.com/en/stathead/matchup/teams/8cec06e1/822bd0ba/Wolverhampton-Wanderers-vs-Liverpool-History,,,
2024-2025,2026-03-04,20:00,Everton,Burnley,,Hill Dickinson Stadium,https://fbref.com/en/stathead/matchup/teams/d3fd31cc/943e8050/Everton-vs-Burnley-History,,,
2024-2025,2026-03-04,20:00,Aston Villa,Chelsea,,Villa Park,https://fbref.com/en/stathead/matchup/teams/cff3d9bb/8602292d/Chelsea-vs-Aston-Villa-History,,,
2024-2025,2026-03-04,20:00,Tottenham,Crystal Palace,,Tottenham Hotspur Stadium,https://fbref.com/en/stathead/matchup/teams/47c64c55/361ca564/Crystal-Palace-vs-Tottenham-Hotspur-History,,,
2024-2025,2026-03-04,20:00,Fulham,West Ham,,Craven Cottage,https://fbref.com/en/stathead/matchup/teams/fd962109/7c21e445/Fulham-vs-West-Ham-United-History,,,
2024-2025,2026-03-04,20:00,Newcastle Utd,Manchester Utd,,St James' Park,https://fbref.com/en/stathead/matchup/teams/b2b47a98/19538871/Newcastle-United-vs-Manchester-United-History,,,
2024-2025,2026-03-04,20:00,Bournemouth,Brentford,,Vitality Stadium,https://fbref.com/en/stathead/matchup/teams/cd051869/4ba7cbea/Brentford-vs-Bournemouth-History,,,
2024-2025,2026-03-04,20:00,Manchester City,Nott'ham Forest,,Etihad Stadium,https://fbref.com/en/stathead/matchup/teams/e4a775cb/b8fd03ef/Nottingham-Forest-vs-Manchester-City-History,,,
2024-2025,2026-03-04,20:00,Leeds United,Sunderland,,Elland Road,https://fbref.com/en/stathead/matchup/teams/8ef52968/5bfb9659/Sunderland-vs-Leeds-United-History,,,
2024-2025,2026-03-14,15:00,Brentford,Wolves,,Gtech Community Stadium,https://fbref.com/en/stathead/matchup/teams/cd051869/8cec06e1/Brentford-vs-Wolverhampton-Wanderers-History,,,
2024-2025,2026-03-14,15:00,Burnley,Bournemouth,,Turf Moor,https://fbref.com/en/stathead/matchup/teams/943e8050/4ba7cbea/Burnley-vs-Bournemouth-History,,,
2024-2025,2026-03-14,15:00,West Ham,Manchester City,,London Stadium,https://fbref.com/en/stathead/matchup/teams/b8fd03ef/7c21e445/Manchester-City-vs-West-Ham-United-History,,,
2024-2025,2026-03-14,15:00,Liverpool,Tottenham,,Anfield,https://fbref.com/en/stathead/matchup/teams/822bd0ba/361ca564/Liverpool-vs-Tottenham-Hotspur-History,,,
2024-2025,2026-03-14,15:00,Sunderland,Brighton,,Stadium of Light,https://fbref.com/en/stathead/matchup/teams/d07537b9/8ef52968/Brighton-and-Hove-Albion-vs-Sunderland-History,,,
2024-2025,2026-03-14,15:00,Manchester Utd,Aston Villa,,Old Trafford,https://fbref.com/en/stathead/matchup/teams/8602292d/19538871/Aston-Villa-vs-Manchester-United-History,,,
2024-2025,2026-03-14,15:00,Chelsea,Newcastle Utd,,Stamford Bridge,https://fbref.com/en/stathead/matchup/teams/cff3d9bb/b2b47a98/Chelsea-vs-Newcastle-United-History,,,
2024-2025,2026-03-14,15:00,Crystal Palace,Leeds United,,Selhurst Park,https://fbref.com/en/stathead/matchup/teams/5bfb9659/47c64c55/Leeds-United-vs-Crystal-Palace-History,,,
2024-2025,2026-03-14,15:00,Arsenal,Everton,,Emirates Stadium,https://fbref.com/en/stathead/matchup/teams/d3fd31cc/18bb7c10/Everton-vs-Arsenal-History,,,
2024-2025,2026-03-14,15:00,Nott'ham Forest,Fulham,,The City Ground,https://fbref.com/en/stathead/matchup/teams/fd962109/e4a775cb/Fulham-vs-Nottingham-Forest-History,,,
2024-2025,2026-03-21,15:00,Leeds United,Brentford,,Elland Road,https://fbref.com/en/stathead/matchup/teams/cd051869/5bfb9659/Brentford-vs-Leeds-United-History,,,
2024-2025,2026-03-21,15:00,Manchester City,Crystal Palace,,Etihad Stadium,https://fbref.com/en/stathead/matchup/teams/b8fd03ef/47c64c55/Manchester-City-vs-Crystal-Palace-History,,,
2024-2025,2026-03-21,15:00,Tottenham,Nott'ham Forest,,Tottenham Hotspur Stadium,https://fbref.com/en/stathead/matchup/teams/e4a775cb/361ca564/Nottingham-Forest-vs-Tottenham-Hotspur-History,,,
2024-2025,2026-03-21,15:00,Wolves,Arsenal,,Molineux Stadium,https://fbref.com/en/stathead/matchup/teams/8cec06e1/18bb7c10/Wolverhampton-Wanderers-vs-Arsenal-History,,,
2024-2025,2026-03-21,15:00,Bournemouth,Manchester Utd,,Vitality Stadium,https://fbref.com/en/stathead/matchup/teams/4ba7cbea/19538871/Bournemouth-vs-Manchester-United-History,,,
2024-2025,2026-03-21,15:00,Newcastle Utd,Sunderland,,St James' Park,https://fbref.com/en/stathead/matchup/teams/b2b47a98/8ef52968/Newcastle-United-vs-Sunderland-History,,,
2024-2025,2026-03-21,15:00,Everton,Chelsea,,Hill Dickinson Stadium,https://fbref.com/en/stathead/matchup/teams/d3fd31cc/cff3d9bb/Everton-vs-Chelsea-History,,,
2024-2025,2026-03-21,15:00,Brighton,Liverpool,,The American Express Stadium,https://fbref.com/en/stathead/matchup/teams/d07537b9/822bd0ba/Brighton-and-Hove-Albion-vs-Liverpool-History,,,
2024-2025,2026-03-21,15:00,Aston Villa,West Ham,,Villa Park,https://fbref.com/en/stathead/matchup/teams/8602292d/7c21e445/Aston-Villa-vs-West-Ham-United-History,,,
2024-2025,2026-03-21,15:00,Fulham,Burnley,,Craven Cottage,https://fbref.com/en/stathead/matchup/teams/fd962109/943e8050/Fulham-vs-Burnley-History,,,
2024-2025,2026-04-11,15:00,Nott'ham Forest,Aston Villa,,The City Ground,https://fbref.com/en/stathead/matchup/teams/e4a775cb/8602292d/Nottingham-Forest-vs-Aston-Villa-History,,,
2024-2025,2026-04-11,15:00,Chelsea,Manchester City,,Stamford Bridge,https://fbref.com/en/stathead/matchup/teams/cff3d9bb/b8fd03ef/Chelsea-vs-Manchester-City-History,,,
2024-2025,2026-04-11,15:00,Crystal Palace,Newcastle Utd,,Selhurst Park,https://fbref.com/en/stathead/matchup/teams/b2b47a98/47c64c55/Newcastle-United-vs-Crystal-Palace-History,,,
2024-2025,2026-04-11,15:00,Sunderland,Tottenham,,Stadium of Light,https://fbref.com/en/stathead/matchup/teams/8ef52968/361ca564/Sunderland-vs-Tottenham-Hotspur-History,,,
2024-2025,2026-04-11,15:00,Arsenal,Bournemouth,,Emirates Stadium,https://fbref.com/en/stathead/matchup/teams/4ba7cbea/18bb7c10/Bournemouth-vs-Arsenal-History,,,
2024-2025,2026-04-11,15:00,West Ham,Wolves,,London Stadium,https://fbref.com/en/stathead/matchup/teams/8cec06e1/7c21e445/Wolverhampton-Wanderers-vs-West-Ham-United-History,,,
2024-2025,2026-04-11,15:00,Burnley,Brighton,,Turf Moor,https://fbref.com/en/stathead/matchup/teams/d07537b9/943e8050/Brighton-and-Hove-Albion-vs-Burnley-History,,,
2024-2025,2026-04-11,15:00,Manchester Utd,Leeds United,,Old Trafford,https://fbref.com/en/stathead/matchup/teams/5bfb9659/19538871/Leeds-United-vs-Manchester-United-History,,,
2024-2025,2026-04-11,15:00,Liverpool,Fulham,,Anfield,https://fbref.com/en/stathead/matchup/teams/fd962109/822bd0ba/Fulham-vs-Liverpool-History,,,
2024-2025,2026-04-11,15:00,Brentford,Everton,,Gtech Community Stadium,https://fbref.com/en/stathead/matchup/teams/d3fd31cc/cd051869/Everton-vs-Brentford-History,,,
2024-2025,2026-04-18,15:00,Tottenham,Brighton,,Tottenham Hotspur Stadium,https://fbref.com/en/stathead/matchup/teams/d07537b9/361ca564/Brighton-and-Hove-Albion-vs-Tottenham-Hotspur-History,,,
2024-2025,2026-04-18,15:00,Manchester City,Arsenal,,Etihad Stadium,https://fbref.com/en/stathead/matchup/teams/b8fd03ef/18bb7c10/Manchester-City-vs-Arsenal-History,,,
2024-2025,2026-04-18,15:00,Nott'ham Forest,Burnley,,The City Ground,https://fbref.com/en/stathead/matchup/teams/e4a775cb/943e8050/Nottingham-Forest-vs-Burnley-History,,,
2024-2025,2026-04-18,15:00,Leeds United,Wolves,,Elland Road,https://fbref.com/en/stathead/matchup/teams/8cec06e1/5bfb9659/Wolverhampton-Wanderers-vs-Leeds-United-History,,,
2024-2025,2026-04-18,15:00,Everton,Liverpool,,Hill Dickinson Stadium,https://fbref.com/en/stathead/matchup/teams/d3fd31cc/822bd0ba/Merseyside-Derby-Everton-vs-Liverpool-History,,,
2024-2025,2026-04-18,15:00,Chelsea,Manchester Utd,,Stamford Bridge,https://fbref.com/en/stathead/matchup/teams/cff3d9bb/19538871/Chelsea-vs-Manchester-United-History,,,
2024-2025,2026-04-18,15:00,Newcastle Utd,Bournemouth,,St James' Park,https://fbref.com/en/stathead/matchup/teams/b2b47a98/4ba7cbea/Newcastle-United-vs-Bournemouth-History,,,
2024-2025,2026-04-18,15:00,Crystal Palace,West Ham,,Selhurst Park,https://fbref.com/en/stathead/matchup/teams/7c21e445/47c64c55/West-Ham-United-vs-Crystal-Palace-History,,,
2024-2025,2026-04-18,15:00,Brentford,Fulham,,Gtech Community Stadium,https://fbref.com/en/stathead/matchup/teams/fd962109/cd051869/Fulham-vs-Brentford-History,,,
2024-2025,2026-04-18,15:00,Aston Villa,Sunderland,,Villa Park,https://fbref.com/en/stathead/matchup/teams/8ef52968/8602292d/Sunderland-vs-Aston-Villa-History,,,
2024-2025,2026-04-25,15:00,Bournemouth,Leeds United,,Vitality Stadium,https://fbref.com/en/stathead/matchup/teams/5bfb9659/4ba7cbea/Leeds-United-vs-Bournemouth-History,,,
2024-2025,2026-04-25,15:00,Sunderland,Nott'ham Forest,,Stadium of Light,https://fbref.com/en/stathead/matchup/teams/e4a775cb/8ef52968/Nottingham-Forest-vs-Sunderland-History,,,
2024-2025,2026-04-25,15:00,Manchester Utd,Brentford,,Old Trafford,https://fbref.com/en/stathead/matchup/teams/cd051869/19538871/Brentford-vs-Manchester-United-History,,,
2024-2025,2026-04-25,15:00,Burnley,Manchester City,,Turf Moor,https://fbref.com/en/stathead/matchup/teams/b8fd03ef/943e8050/Manchester-City-vs-Burnley-History,,,
2024-2025,2026-04-25,15:00,Arsenal,Newcastle Utd,,Emirates Stadium,https://fbref.com/en/stathead/matchup/teams/b2b47a98/18bb7c10/Newcastle-United-vs-Arsenal-History,,,
2024-2025,2026-04-25,15:00,Wolves,Tottenham,,Molineux Stadium,https://fbref.com/en/stathead/matchup/teams/8cec06e1/361ca564/Wolverhampton-Wanderers-vs-Tottenham-Hotspur-History,,,
2024-2025,2026-04-25,15:00,Fulham,Aston Villa,,Craven Cottage,https://fbref.com/en/stathead/matchup/teams/fd962109/8602292d/Fulham-vs-Aston-Villa-History,,,
2024-2025,2026-04-25,15:00,Brighton,Chelsea,,The American Express Stadium,https://fbref.com/en/stathead/matchup/teams/d07537b9/cff3d9bb/Brighton-and-Hove-Albion-vs-Chelsea-History,,,
2024-2025,2026-04-25,15:00,Liverpool,Crystal Palace,,Anfield,https://fbref.com/en/stathead/matchup/teams/822bd0ba/47c64c55/Liverpool-vs-Crystal-Palace-History,,,
2024-2025,2026-04-25,15:00,West Ham,Everton,,London Stadium,https://fbref.com/en/stathead/matchup/teams/d3fd31cc/7c21e445/Everton-vs-West-Ham-United-History,,,
2024-2025,2026-05-02,15:00,Arsenal,Fulham,,Emirates Stadium,https://fbref.com/en/stathead/matchup/teams/fd962109/18bb7c10/Fulham-vs-Arsenal-History,,,
2024-2025,2026-05-02,15:00,Wolves,Sunderland,,Molineux Stadium,https://fbref.com/en/stathead/matchup/teams/8ef52968/8cec06e1/Sunderland-vs-Wolverhampton-Wanderers-History,,,
2024-2025,2026-05-02,15:00,Bournemouth,Crystal Palace,,Vitality Stadium,https://fbref.com/en/stathead/matchup/teams/4ba7cbea/47c64c55/Bournemouth-vs-Crystal-Palace-History,,,
2024-2025,2026-05-02,15:00,Newcastle Utd,Brighton,,St James' Park,https://fbref.com/en/stathead/matchup/teams/d07537b9/b2b47a98/Brighton-and-Hove-Albion-vs-Newcastle-United-History,,,
2024-2025,2026-05-02,15:00,Aston Villa,Tottenham,,Villa Park,https://fbref.com/en/stathead/matchup/teams/8602292d/361ca564/Aston-Villa-vs-Tottenham-Hotspur-History,,,
2024-2025,2026-05-02,15:00,Manchester Utd,Liverpool,,Old Trafford,https://fbref.com/en/stathead/matchup/teams/822bd0ba/19538871/North-West-Derby-Liverpool-vs-Manchester-United-History,,,
2024-2025,2026-05-02,15:00,Leeds United,Burnley,,Elland Road,https://fbref.com/en/stathead/matchup/teams/943e8050/5bfb9659/Burnley-vs-Leeds-United-History,,,
2024-2025,2026-05-02,15:00,Everton,Manchester City,,Hill Dickinson Stadium,https://fbref.com/en/stathead/matchup/teams/d3fd31cc/b8fd03ef/Everton-vs-Manchester-City-History,,,
2024-2025,2026-05-02,15:00,Brentford,West Ham,,Gtech Community Stadium,https://fbref.com/en/stathead/matchup/teams/cd051869/7c21e445/Brentford-vs-West-Ham-United-History,,,
2024-2025,2026-05-02,15:00,Chelsea,Nott'ham Forest,,Stamford Bridge,https://fbref.com/en/stathead/matchup/teams/e4a775cb/cff3d9bb/Nottingham-Forest-vs-Chelsea-History,,,
2024-2025,2026-05-09,15:00,West Ham,Arsenal,,London Stadium,https://fbref.com/en/stathead/matchup/teams/7c21e445/18bb7c10/West-Ham-United-vs-Arsenal-History,,,
2024-2025,2026-05-09,15:00,Brighton,Wolves,,The American Express Stadium,https://fbref.com/en/stathead/matchup/teams/d07537b9/8cec06e1/Brighton-and-Hove-Albion-vs-Wolverhampton-Wanderers-History,,,
2024-2025,2026-05-09,15:00,Tottenham,Leeds United,,Tottenham Hotspur Stadium,https://fbref.com/en/stathead/matchup/teams/5bfb9659/361ca564/Leeds-United-vs-Tottenham-Hotspur-History,,,
2024-2025,2026-05-09,15:00,Crystal Palace,Everton,,Selhurst Park,https://fbref.com/en/stathead/matchup/teams/d3fd31cc/47c64c55/Everton-vs-Crystal-Palace-History,,,
2024-2025,2026-05-09,15:00,Manchester City,Brentford,,Etihad Stadium,https://fbref.com/en/stathead/matchup/teams/cd051869/b8fd03ef/Brentford-vs-Manchester-City-History,,,
2024-2025,2026-05-09,15:00,Nott'ham Forest,Newcastle Utd,,The City Ground,https://fbref.com/en/stathead/matchup/teams/e4a775cb/b2b47a98/Nottingham-Forest-vs-Newcastle-United-History,,,
2024-2025,2026-05-09,15:00,Burnley,Aston Villa,,Turf Moor,https://fbref.com/en/stathead/matchup/teams/943e8050/8602292d/Burnley-vs-Aston-Villa-History,,,
2024-2025,2026-05-09,15:00,Fulham,Bournemouth,,Craven Cottage,https://fbref.com/en/stathead/matchup/teams/fd962109/4ba7cbea/Fulham-vs-Bournemouth-History,,,
2024-2025,2026-05-09,15:00,Liverpool,Chelsea,,Anfield,https://fbref.com/en/stathead/matchup/teams/cff3d9bb/822bd0ba/Chelsea-vs-Liverpool-History,,,
2024-2025,2026-05-09,15:00,Sunderland,Manchester Utd,,Stadium of Light,https://fbref.com/en/stathead/matchup/teams/8ef52968/19538871/Sunderland-vs-Manchester-United-History,,,
2024-2025,2026-05-17,15:00,Everton,Sunderland,,Hill Dickinson Stadium,https://fbref.com/en/stathead/matchup/teams/d3fd31cc/8ef52968/Everton-vs-Sunderland-History,,,
2024-2025,2026-05-17,15:00,Leeds United,Brighton,,Elland Road,https://fbref.com/en/stathead/matchup/teams/d07537b9/5bfb9659/Brighton-and-Hove-Albion-vs-Leeds-United-History,,,
2024-2025,2026-05-17,15:00,Chelsea,Tottenham,,Stamford Bridge,https://fbref.com/en/stathead/matchup/teams/cff3d9bb/361ca564/Chelsea-vs-Tottenham-Hotspur-History,,,
2024-2025,2026-05-17,15:00,Manchester Utd,Nott'ham Forest,,Old Trafford,https://fbref.com/en/stathead/matchup/teams/e4a775cb/19538871/Nottingham-Forest-vs-Manchester-United-History,,,
2024-2025,2026-05-17,15:00,Newcastle Utd,West Ham,,St James' Park,https://fbref.com/en/stathead/matchup/teams/b2b47a98/7c21e445/Newcastle-United-vs-West-Ham-United-History,,,
2024-2025,2026-05-17,15:00,Wolves,Fulham,,Molineux Stadium,https://fbref.com/en/stathead/matchup/teams/fd962109/8cec06e1/Fulham-vs-Wolverhampton-Wanderers-History,,,
2024-2025,2026-05-17,15:00,Aston Villa,Liverpool,,Villa Park,https://fbref.com/en/stathead/matchup/teams/8602292d/822bd0ba/Aston-Villa-vs-Liverpool-History,,,
2024-2025,2026-05-17,15:00,Brentford,Crystal Palace,,Gtech Community Stadium,https://fbref.com/en/stathead/matchup/teams/cd051869/47c64c55/Brentford-vs-Crystal-Palace-History,,,
2024-2025,2026-05-17,15:00,Arsenal,Burnley,,Emirates Stadium,https://fbref.com/en/stathead/matchup/teams/943e8050/18bb7c10/Burnley-vs-Arsenal-History,,,
2024-2025,2026-05-17,15:00,Bournemouth,Manchester City,,Vitality Stadium,https://fbref.com/en/stathead/matchup/teams/b8fd03ef/4ba7cbea/Manchester-City-vs-Bournemouth-History,,,
2024-2025,2026-05-24,16:00,Crystal Palace,Arsenal,,Selhurst Park,https://fbref.com/en/stathead/matchup/teams/47c64c55/18bb7c10/Crystal-Palace-vs-Arsenal-History,,,
2024-2025,2026-05-24,16:00,Manchester City,Aston Villa,,Etihad Stadium,https://fbref.com/en/stathead/matchup/teams/b8fd03ef/8602292d/Manchester-City-vs-Aston-Villa-History,,,
2024-2025,2026-05-24,16:00,West Ham,Leeds United,,London Stadium,https://fbref.com/en/stathead/matchup/teams/7c21e445/5bfb9659/West-Ham-United-vs-Leeds-United-History,,,
2024-2025,2026-05-24,16:00,Tottenham,Everton,,Tottenham Hotspur Stadium,https://fbref.com/en/stathead/matchup/teams/d3fd31cc/361ca564/Everton-vs-Tottenham-Hotspur-History,,,
2024-2025,2026-05-24,16:00,Brighton,Manchester Utd,,The American Express Stadium,https://fbref.com/en/stathead/matchup/teams/d07537b9/19538871/Brighton-and-Hove-Albion-vs-Manchester-United-History,,,
2024-2025,2026-05-24,16:00,Liverpool,Brentford,,Anfield,https://fbref.com/en/stathead/matchup/teams/cd051869/822bd0ba/Brentford-vs-Liverpool-History,,,
2024-2025,2026-05-24,16:00,Fulham,Newcastle Utd,,Craven Cottage,https://fbref.com/en/stathead/matchup/teams/fd962109/b2b47a98/Fulham-vs-Newcastle-United-History,,,
2024-2025,2026-05-24,16:00,Nott'ham Forest,Bournemouth,,The City Ground,https://fbref.com/en/stathead/matchup/teams/e4a775cb/4ba7cbea/Nottingham-Forest-vs-Bournemouth-History,,,
2024-2025,2026-05-24,16:00,Sunderland,Chelsea,,Stadium of Light,https://fbref.com/en/stathead/matchup/teams/cff3d9bb/8ef52968/Chelsea-vs-Sunderland-History,,,
2024-2025,2026-05-24,16:00,Burnley,Wolves,,Turf Moor,https://fbref.com/en/stathead/matchup/teams/943e8050/8cec06e1/Burnley-vs-Wolverhampton-Wanderers-History,,,
